prompt_index,temperature,top_p,top_k,repetition_penalty,duration,reciprocate_reward,relevance_filter,rlhf_reward,combined_reward
0,0.7,0.7,,,4.7808873653411865,0.6373921632766724,1.0,0.5488020777702332,0.5842381715774536
1,0.7,0.7,,,3.7698729038238525,0.636459231376648,1.0,0.4742390513420105,0.5391271114349365
2,0.7,0.7,,,0.21393585205078125,0.6310617923736572,0.0,0.564374566078186,0.0
3,0.7,0.7,,,3.8675692081451416,0.6369506120681763,1.0,0.42401090264320374,0.5091868042945862
4,0.7,0.7,,,0.33008861541748047,0.6363057494163513,0.0,0.5905661582946777,0.0
5,0.7,0.7,,,3.9798901081085205,0.6375072002410889,1.0,0.4526059627532959,0.5265665054321289
6,0.7,0.7,,,0.45833826065063477,0.6366263628005981,0.0,0.480754554271698,0.0
7,0.7,0.7,,,3.249945878982544,0.36484846472740173,1.0,0.4289873540401459,0.40333181619644165
8,0.7,0.7,,,4.2515106201171875,0.3642706274986267,1.0,0.49996355175971985,0.445686399936676
9,0.7,0.7,,,3.901280403137207,0.6373182535171509,1.0,0.6371328234672546,0.63720703125
10,0.7,0.7,,,3.719446897506714,0.6347521543502808,1.0,0.48381343483924866,0.544188916683197
11,0.7,0.7,,,3.755263566970825,0.6369175314903259,1.0,0.5517364144325256,0.5858088731765747
12,0.7,0.7,,,3.01162052154541,0.6349411606788635,1.0,0.5552650690078735,0.5871355533599854
13,0.7,0.7,,,3.951779365539551,0.6367988586425781,1.0,0.537294328212738,0.577096164226532
14,0.7,0.7,,,2.81211519241333,0.6367473006248474,1.0,0.5424792766571045,0.5801864862442017
15,0.7,0.7,,,4.034507989883423,0.6359959840774536,1.0,0.4662904441356659,0.5341726541519165
16,0.7,0.7,,,3.404635190963745,0.6348524689674377,1.0,0.6371299028396606,0.6362189650535583
17,0.7,0.7,,,3.583036422729492,0.6340646147727966,1.0,0.6278525590896606,0.6303373575210571
18,0.7,0.7,,,0.26685547828674316,0.6218318939208984,0.0,0.6043686866760254,0.0
19,0.7,0.7,,,3.898714303970337,0.6309311389923096,1.0,0.492744505405426,0.5480191707611084
20,0.7,0.7,,,2.3730337619781494,0.6356825828552246,1.0,0.6132475137710571,0.6222215890884399
21,0.7,0.7,,,4.107248544692993,0.3948732614517212,1.0,0.6091372966766357,0.5234317183494568
22,0.7,0.7,,,4.233586549758911,0.36476609110832214,1.0,0.5776423215866089,0.49249184131622314
23,0.7,0.7,,,4.21840238571167,0.3615061640739441,1.0,0.6019256114959717,0.5057578682899475
24,0.7,0.7,,,3.909507989883423,0.6362237334251404,1.0,0.6369779706001282,0.6366763114929199
25,0.7,0.7,,,3.7516801357269287,0.6345576047897339,1.0,0.4527362287044525,0.5254647731781006
26,0.7,0.7,,,0.2126755714416504,0.6273602247238159,0.0,0.61177659034729,0.0
27,0.7,0.7,,,3.9591238498687744,0.6362660527229309,1.0,0.5206770300865173,0.5669126510620117
28,0.7,0.7,,,4.077001333236694,0.6370840668678284,1.0,0.5793831944465637,0.6024636030197144
29,0.7,0.7,,,1.9940776824951172,0.6362159252166748,0.0,0.6233854293823242,0.0
30,0.7,0.7,,,4.186875104904175,0.6366933584213257,1.0,0.6273159384727478,0.6310669183731079
31,0.7,0.7,,,4.188451051712036,0.4014134705066681,1.0,0.6337358951568604,0.5408069491386414
32,0.7,0.7,,,4.307563781738281,0.454013854265213,1.0,0.6362993717193604,0.5633851885795593
33,0.7,0.7,,,3.7701845169067383,0.6360028386116028,1.0,0.4144727885723114,0.5030848383903503
34,0.7,0.7,,,2.7273364067077637,0.637581467628479,1.0,0.6349301934242249,0.6359907388687134
35,0.7,0.7,,,3.8671791553497314,0.637434720993042,1.0,0.5369386672973633,0.5771371126174927
36,0.7,0.7,,,3.9554412364959717,0.63667893409729,1.0,0.5466965436935425,0.5826895236968994
37,0.7,0.7,,,4.030245304107666,0.6373065710067749,1.0,0.6071901321411133,0.6192367076873779
38,0.7,0.7,,,3.9789702892303467,0.6371631026268005,1.0,0.4073498249053955,0.4992751479148865
39,0.7,0.7,,,2.0657846927642822,0.6346766948699951,1.0,0.3676975965499878,0.4744892716407776
40,0.7,0.7,,,3.786332607269287,0.6375436186790466,1.0,0.5371560454368591,0.577311098575592
41,0.7,0.7,,,3.7758777141571045,0.6372610330581665,1.0,0.5964016914367676,0.6127454042434692
42,0.7,0.7,,,3.4462497234344482,0.6374496221542358,1.0,0.5960261821746826,0.6125955581665039
43,0.7,0.7,,,3.8309884071350098,0.6375118494033813,1.0,0.6087220907211304,0.6202380061149597
44,0.7,0.7,,,3.917105197906494,0.6375835537910461,1.0,0.6306529641151428,0.633425235748291
45,0.7,0.7,,,3.950726270675659,0.6373491883277893,1.0,0.5899966955184937,0.6089377403259277
46,0.7,0.7,,,2.956122398376465,0.6375243663787842,1.0,0.6115907430648804,0.6219642162322998
47,0.7,0.7,,,3.271153688430786,0.637553870677948,1.0,0.5193274617195129,0.566618025302887
48,0.7,0.7,,,0.5345261096954346,0.6372878551483154,0.0,0.5632069706916809,0.0
49,0.7,0.7,,,1.9525561332702637,0.636873722076416,1.0,0.637073814868927,0.6369938254356384
50,0.7,0.7,,,3.793048858642578,0.6329820156097412,1.0,0.3612370491027832,0.4699350595474243
51,0.7,0.7,,,0.22139286994934082,0.6308484077453613,0.0,0.5779298543930054,0.0
52,0.7,0.7,,,2.8481950759887695,0.6372453570365906,1.0,0.5619694590568542,0.5920798778533936
53,0.7,0.7,,,2.4376983642578125,0.6371233463287354,1.0,0.5944918394088745,0.6115444898605347
54,0.7,0.7,,,3.959573984146118,0.6365254521369934,1.0,0.4815700054168701,0.5435521602630615
55,0.7,0.7,,,3.990306854248047,0.6357474327087402,1.0,0.5377811789512634,0.576967716217041
56,0.7,0.7,,,3.3886473178863525,0.6368539333343506,1.0,0.5834534764289856,0.6048136949539185
57,0.7,0.7,,,2.7908823490142822,0.6354750394821167,1.0,0.517956018447876,0.5649636387825012
58,0.7,0.7,,,3.092003345489502,0.6373979449272156,0.0,0.457633912563324,0.0
59,0.7,0.7,,,3.8005614280700684,0.6356387138366699,1.0,0.4105098247528076,0.5005614161491394
60,0.7,0.7,,,3.497729539871216,0.6374401450157166,1.0,0.6073142290115356,0.6193646192550659
61,0.7,0.7,,,3.844292402267456,0.6362624764442444,1.0,0.449379026889801,0.5241324305534363
62,0.7,0.7,,,0.35175442695617676,0.6343685388565063,0.0,0.5387032628059387,0.0
63,0.7,0.7,,,3.7590043544769287,0.6362683773040771,1.0,0.46629753708839417,0.5342859029769897
64,0.7,0.7,,,4.104094743728638,0.6362786293029785,1.0,0.5022342801094055,0.5558520555496216
65,0.7,0.7,,,3.610142946243286,0.38020145893096924,1.0,0.5094441175460815,0.45774704217910767
66,0.7,0.7,,,4.237868785858154,0.3878880441188812,1.0,0.4567660391330719,0.42921483516693115
67,0.7,0.7,,,4.435793399810791,0.5636303424835205,1.0,0.3970873951911926,0.46370458602905273
68,0.7,0.7,,,3.760763645172119,0.6369178891181946,1.0,0.5040935277938843,0.5572233200073242
69,0.7,0.7,,,3.7724969387054443,0.637113094329834,1.0,0.54640132188797,0.5826860666275024
70,0.7,0.7,,,3.893362283706665,0.6370975375175476,1.0,0.4280014932155609,0.5116399526596069
71,0.7,0.7,,,3.7629287242889404,0.6374053359031677,1.0,0.5600264072418213,0.5909780263900757
72,0.7,0.7,,,3.990311861038208,0.6371598243713379,1.0,0.5046952962875366,0.557681143283844
73,0.7,0.7,,,0.4220890998840332,0.6364172697067261,0.0,0.4995324909687042,0.0
74,0.7,0.7,,,4.153561115264893,0.3973158597946167,1.0,0.45061081647872925,0.42929285764694214
75,0.7,0.7,,,3.9213454723358154,0.3672987222671509,1.0,0.5408852100372314,0.4714506268501282
76,0.7,0.7,,,4.119272947311401,0.6335740685462952,1.0,0.636523425579071,0.6353436708450317
77,0.7,0.7,,,1.666412591934204,0.634019136428833,1.0,0.36625245213508606,0.4733591377735138
78,0.7,0.7,,,3.7612905502319336,0.6352964639663696,1.0,0.5824902057647705,0.6036127209663391
79,0.7,0.7,,,3.1977531909942627,0.6371505260467529,1.0,0.5307328701019287,0.5732999444007874
80,0.7,0.7,,,3.809626817703247,0.6372035145759583,1.0,0.4883342981338501,0.5478819608688354
81,0.7,0.7,,,3.974822759628296,0.6362295746803284,1.0,0.42175665497779846,0.5075458288192749
82,0.7,0.7,,,4.089376926422119,0.6362013816833496,1.0,0.4516044557094574,0.5254432559013367
83,0.7,0.7,,,4.138441562652588,0.6367170214653015,1.0,0.4961130619049072,0.5523546934127808
84,0.7,0.7,,,4.198460578918457,0.4035133123397827,1.0,0.4592161178588867,0.4369350075721741
85,0.7,0.7,,,3.8252265453338623,0.6373204588890076,1.0,0.5122843384742737,0.5622987747192383
86,0.7,0.7,,,3.1831908226013184,0.6375558376312256,1.0,0.5898653864860535,0.6089415550231934
87,0.7,0.7,,,3.8337974548339844,0.637175440788269,1.0,0.40633735060691833,0.49867260456085205
88,0.7,0.7,,,3.872352361679077,0.6373164653778076,1.0,0.5422873497009277,0.5802990198135376
89,0.7,0.7,,,3.7389976978302,0.637538731098175,1.0,0.6057751774787903,0.6184806227684021
90,0.7,0.7,,,4.276756048202515,0.6375313401222229,1.0,0.6080356240272522,0.6198339462280273
91,0.7,0.7,,,4.075422286987305,0.5178544521331787,1.0,0.5771644115447998,0.5534404516220093
92,0.7,0.7,,,4.151920557022095,0.6360154747962952,1.0,0.6370675563812256,0.6366467475891113
93,0.7,0.7,,,3.7879278659820557,0.6341604590415955,1.0,0.4066438674926758,0.49765050411224365
94,0.7,0.7,,,3.7447450160980225,0.6363985538482666,1.0,0.43839508295059204,0.5175964832305908
95,0.7,0.7,,,3.8910844326019287,0.6357967853546143,1.0,0.4662715196609497,0.5340816378593445
96,0.7,0.7,,,3.866563320159912,0.6359504461288452,1.0,0.5626530647277832,0.5919720530509949
97,0.7,0.7,,,3.982783317565918,0.6359807252883911,1.0,0.47314906120300293,0.5382817387580872
98,0.7,0.7,,,4.075322866439819,0.636310875415802,1.0,0.44771355390548706,0.5231524705886841
99,0.7,0.7,,,4.13207221031189,0.6365184783935547,1.0,0.47102978825569153,0.5372253060340881
100,0.7,0.7,,,3.5307347774505615,0.6373888850212097,1.0,0.5196449160575867,0.5667425394058228
101,0.7,0.7,,,3.95770263671875,0.6364003419876099,1.0,0.454108864068985,0.5270254611968994
102,0.7,0.7,,,3.7260549068450928,0.6364223957061768,1.0,0.49459439516067505,0.5513256192207336
103,0.7,0.7,,,0.2559504508972168,0.627983808517456,0.0,0.523654580116272,0.0
104,0.7,0.7,,,4.0014488697052,0.6363945007324219,1.0,0.4605555832386017,0.5308911800384521
105,0.7,0.7,,,0.43122196197509766,0.6341904401779175,0.0,0.5286609530448914,0.0
106,0.7,0.7,,,2.469813585281372,0.3636511266231537,0.0,0.4991775453090668,0.0
107,0.7,0.7,,,4.149160623550415,0.3684708774089813,1.0,0.5697058439254761,0.4892118573188782
108,0.7,0.7,,,4.314598083496094,0.3885575532913208,1.0,0.4956502616405487,0.45281320810317993
109,0.7,0.7,,,3.770684003829956,0.6297963261604309,1.0,0.3711244463920593,0.47459322214126587
110,0.7,0.7,,,3.7822022438049316,0.6365965008735657,1.0,0.5657245516777039,0.5940733551979065
111,0.7,0.7,,,2.677154541015625,0.6351104974746704,1.0,0.45567482709884644,0.5274491310119629
112,0.7,0.7,,,0.2626307010650635,0.6315087080001831,0.0,0.5743278861045837,0.0
113,0.7,0.7,,,3.98233699798584,0.636113703250885,1.0,0.45693573355674744,0.5286069512367249
114,0.7,0.7,,,3.9740517139434814,0.6362921595573425,1.0,0.5287731289863586,0.571780800819397
115,0.7,0.7,,,4.0132575035095215,0.6362360715866089,1.0,0.4615991413593292,0.5314539670944214
116,0.7,0.7,,,4.024012804031372,0.6362387537956238,1.0,0.4857769012451172,0.5459616184234619
117,0.7,0.7,,,3.1661031246185303,0.4053511619567871,1.0,0.5293550491333008,0.4797534942626953
118,0.7,0.7,,,3.429032564163208,0.6360544562339783,1.0,0.409010112285614,0.49982786178588867
119,0.7,0.7,,,3.0769050121307373,0.6360324621200562,1.0,0.5289467573165894,0.5717810392379761
120,0.7,0.7,,,3.9713714122772217,0.6362854838371277,1.0,0.46584609150886536,0.5340218544006348
121,0.7,0.7,,,3.8678438663482666,0.6363093256950378,1.0,0.5394102334976196,0.5781698822975159
122,0.7,0.7,,,3.955258846282959,0.636549174785614,1.0,0.432824045419693,0.5143141150474548
123,0.7,0.7,,,0.41190028190612793,0.6351895332336426,0.0,0.5681410431861877,0.0
124,0.7,0.7,,,4.211982011795044,0.636581301689148,1.0,0.4854602813720703,0.5459086894989014
125,0.7,0.7,,,3.1558773517608643,0.6330136060714722,1.0,0.6371006965637207,0.6354658603668213
126,0.7,0.7,,,1.7510004043579102,0.6298235654830933,1.0,0.4734030067920685,0.5359712839126587
127,0.7,0.7,,,3.531752347946167,0.6348174214363098,1.0,0.4450896680355072,0.5209807753562927
128,0.7,0.7,,,2.790043354034424,0.6322804689407349,1.0,0.426706999540329,0.5089364051818848
129,0.7,0.7,,,3.799988031387329,0.6339369416236877,1.0,0.44381770491600037,0.5198653936386108
130,0.7,0.7,,,4.121845245361328,0.6315175294876099,1.0,0.4536295533180237,0.5247848033905029
131,0.7,0.7,,,1.6234369277954102,0.635334849357605,1.0,0.5638341307640076,0.5924344062805176
132,0.7,0.7,,,4.106553316116333,0.6370313167572021,1.0,0.3812442421913147,0.4835590720176697
133,0.7,0.7,,,3.8160550594329834,0.6368595361709595,1.0,0.5851986408233643,0.6058629751205444
134,0.7,0.7,,,0.21367812156677246,0.6337053775787354,0.0,0.6098293662071228,0.0
135,0.7,0.7,,,3.610302686691284,0.6372709274291992,1.0,0.5062258839607239,0.5586439371109009
136,0.7,0.7,,,3.85681414604187,0.6371867060661316,1.0,0.5176876187324524,0.565487265586853
137,0.7,0.7,,,2.648885726928711,0.637420117855072,1.0,0.5471285581588745,0.5832451581954956
138,0.7,0.7,,,2.7243692874908447,0.6374204158782959,1.0,0.491883784532547,0.5500984191894531
139,0.7,0.7,,,3.3614678382873535,0.637248694896698,1.0,0.47126778960227966,0.5376601219177246
140,0.7,0.7,,,0.5345430374145508,0.6364628076553345,0.0,0.5287820100784302,0.0
141,0.7,0.7,,,2.729480743408203,0.6360763311386108,1.0,0.5712302327156067,0.5971686840057373
142,0.7,0.7,,,3.813614845275879,0.636876106262207,1.0,0.5519146919250488,0.585899293422699
143,0.7,0.7,,,3.909651041030884,0.6367309093475342,1.0,0.5688580870628357,0.596007227897644
144,0.7,0.7,,,4.028627634048462,0.635759174823761,1.0,0.4144807457923889,0.5029921531677246
145,0.7,0.7,,,4.067533493041992,0.6363378167152405,1.0,0.44517621397972107,0.5216408967971802
146,0.7,0.7,,,4.132318735122681,0.6363862156867981,0.0,0.5722817182540894,0.0
147,0.7,0.7,,,3.9256536960601807,0.6374256014823914,1.0,0.6153416633605957,0.6241752505302429
148,0.7,0.7,,,1.6034955978393555,0.6366378664970398,1.0,0.5994307994842529,0.6143136024475098
149,0.7,0.7,,,0.2087082862854004,0.6315718293190002,0.0,0.5818721652030945,0.0
150,0.7,0.7,,,3.870803117752075,0.6364626884460449,1.0,0.5218425989151001,0.5676906704902649
151,0.7,0.7,,,2.562300205230713,0.637061595916748,1.0,0.590077817440033,0.608871340751648
152,0.7,0.7,,,4.0368876457214355,0.6370938420295715,1.0,0.5740397572517395,0.5992614030838013
153,0.7,0.7,,,4.064205169677734,0.6373486518859863,1.0,0.5333093404769897,0.5749250650405884
154,0.7,0.7,,,3.156479835510254,0.617040753364563,1.0,0.515969455242157,0.5563980340957642
155,0.7,0.7,,,4.131838083267212,0.39757174253463745,1.0,0.555485188961029,0.49231982231140137
156,0.7,0.7,,,4.006279230117798,0.6371006369590759,1.0,0.6336823105812073,0.6350497007369995
157,0.7,0.7,,,3.7183074951171875,0.6361440420150757,1.0,0.6277715563774109,0.6311205625534058
158,0.7,0.7,,,3.8052139282226562,0.6369539499282837,1.0,0.5347484350204468,0.5756306648254395
159,0.7,0.7,,,0.26424193382263184,0.6355350613594055,0.0,0.6320260763168335,0.0
160,0.7,0.7,,,3.96675443649292,0.6372908353805542,1.0,0.5598579049110413,0.5908311009407043
161,0.7,0.7,,,0.3659687042236328,0.6357537508010864,0.0,0.609263002872467,0.0
162,0.7,0.7,,,4.080426454544067,0.6372750997543335,1.0,0.589306116104126,0.6084937453269958
163,0.7,0.7,,,4.1771931648254395,0.637272834777832,1.0,0.5994340777397156,0.6145695447921753
164,0.7,0.7,,,4.083773612976074,0.6372748613357544,1.0,0.5496370196342468,0.5846921801567078
165,0.7,0.7,,,3.7564697265625,0.6354831457138062,1.0,0.37260910868644714,0.4777587652206421
166,0.7,0.7,,,0.311748743057251,0.6346254348754883,0.0,0.5352744460105896,0.0
167,0.7,0.7,,,3.465289831161499,0.6372754573822021,1.0,0.4763369560241699,0.5407123565673828
168,0.7,0.7,,,3.167013168334961,0.6371170282363892,1.0,0.40373361110687256,0.4970870018005371
169,0.7,0.7,,,4.140180349349976,0.36203742027282715,1.0,0.38509082794189453,0.3758694529533386
170,0.7,0.7,,,4.326566457748413,0.47705501317977905,1.0,0.38781115412712097,0.4235087037086487
171,0.7,0.7,,,3.576754093170166,0.6369224190711975,1.0,0.6370876431465149,0.637021541595459
172,0.7,0.7,,,0.2526712417602539,0.6303246021270752,0.0,0.5074756145477295,0.0
173,0.7,0.7,,,3.9951720237731934,0.6338341236114502,1.0,0.5230653285980225,0.5673728585243225
174,0.7,0.7,,,0.4311082363128662,0.6338621377944946,0.0,0.550072968006134,0.0
175,0.7,0.7,,,4.203060865402222,0.3630828857421875,1.0,0.5343657732009888,0.46585261821746826
176,0.7,0.7,,,0.7020888328552246,0.3766264319419861,0.0,0.5921758413314819,0.0
177,0.7,0.7,,,4.400996208190918,0.36499643325805664,1.0,0.512826144695282,0.45369428396224976
178,0.7,0.7,,,3.4715089797973633,0.6371924877166748,1.0,0.5906409621238708,0.6092616319656372
179,0.7,0.7,,,3.443801164627075,0.6370563507080078,1.0,0.6106202006340027,0.6211947202682495
180,0.7,0.7,,,3.8667516708374023,0.6352956295013428,1.0,0.4603862762451172,0.5303500294685364
181,0.7,0.7,,,3.909573793411255,0.6362719535827637,1.0,0.5784919857978821,0.6016039848327637
182,0.7,0.7,,,3.977813482284546,0.6337637305259705,1.0,0.505651593208313,0.556896448135376
183,0.7,0.7,,,0.37590765953063965,0.6322951316833496,0.0,0.5762627720832825,0.0
184,0.7,0.7,,,4.135951280593872,0.6365373134613037,1.0,0.46266958117485046,0.5322166681289673
185,0.7,0.7,,,4.13850474357605,0.628333568572998,1.0,0.5867839455604553,0.6034038066864014
186,0.7,0.7,,,3.6114344596862793,0.637324333190918,1.0,0.6226723790168762,0.6285331845283508
187,0.7,0.7,,,3.7798924446105957,0.6335660815238953,1.0,0.5501834154129028,0.5835365056991577
188,0.7,0.7,,,0.22032952308654785,0.627873957157135,0.0,0.5190701484680176,0.0
189,0.7,0.7,,,3.9531989097595215,0.6355612277984619,1.0,0.5058869123458862,0.5577566623687744
190,0.7,0.7,,,3.976921319961548,0.6363540887832642,1.0,0.5293212532997131,0.5721343755722046
191,0.7,0.7,,,4.02090311050415,0.6363433003425598,1.0,0.5487595796585083,0.583793044090271
192,0.7,0.7,,,4.16301155090332,0.636286199092865,1.0,0.5422567129135132,0.5798685550689697
193,0.7,0.7,,,4.199988842010498,0.3732988238334656,1.0,0.578448474407196,0.49638861417770386
194,0.7,0.7,,,3.7706196308135986,0.6343936324119568,1.0,0.5639315843582153,0.5921164155006409
195,0.7,0.7,,,3.8241899013519287,0.6349349021911621,1.0,0.5451358556747437,0.5810555219650269
196,0.7,0.7,,,3.9057867527008057,0.6329166293144226,1.0,0.5683001279830933,0.594146728515625
197,0.7,0.7,,,3.674400806427002,0.6367417573928833,1.0,0.5165397524833679,0.5646205544471741
198,0.7,0.7,,,4.139203786849976,0.4585002362728119,1.0,0.4703727662563324,0.46562376618385315
199,0.7,0.7,,,4.2075583934783936,0.37703192234039307,1.0,0.4383596181869507,0.4138285517692566
200,0.7,0.7,,,4.278299570083618,0.557314932346344,1.0,0.4545549154281616,0.4956589341163635
201,0.7,0.7,,,4.0876476764678955,0.636915385723114,1.0,0.6075185537338257,0.61927729845047
202,0.7,0.7,,,2.476844549179077,0.633590042591095,1.0,0.41489046812057495,0.502370297908783
203,0.7,0.7,,,3.482012987136841,0.6355099678039551,1.0,0.6231385469436646,0.6280871629714966
204,0.7,0.7,,,3.0775198936462402,0.6346167922019958,1.0,0.5999208092689514,0.6137992143630981
205,0.7,0.7,,,3.9171032905578613,0.6361321210861206,1.0,0.5625885725021362,0.5920059680938721
206,0.7,0.7,,,2.2415359020233154,0.6357225775718689,1.0,0.6004998683929443,0.6145889759063721
207,0.7,0.7,,,4.035106897354126,0.6366378664970398,1.0,0.6010903716087341,0.6153093576431274
208,0.7,0.7,,,3.4625470638275146,0.6359348297119141,1.0,0.5308660864830017,0.5728936195373535
209,0.7,0.7,,,4.078012228012085,0.6367766261100769,1.0,0.5875120162963867,0.6072179079055786
210,0.7,0.7,,,3.7757461071014404,0.6355301141738892,1.0,0.6194860339164734,0.6259037256240845
211,0.7,0.7,,,0.22645950317382812,0.6307298541069031,0.0,0.5560855865478516,0.0
212,0.7,0.7,,,3.868380546569824,0.6370787620544434,1.0,0.5844681262969971,0.6055123805999756
213,0.7,0.7,,,3.9626197814941406,0.6369292736053467,1.0,0.5790436267852783,0.6021978855133057
214,0.7,0.7,,,4.0142858028411865,0.6360185146331787,1.0,0.5539660453796387,0.5867870450019836
215,0.7,0.7,,,4.082538604736328,0.6364375352859497,1.0,0.526310384273529,0.5703612565994263
216,0.7,0.7,,,4.203612565994263,0.42190980911254883,1.0,0.5334421992301941,0.48882925510406494
217,0.7,0.7,,,4.151535272598267,0.36112353205680847,1.0,0.5461365580558777,0.4721313714981079
218,0.7,0.7,,,2.853062391281128,0.6372500658035278,1.0,0.6370569467544556,0.6371341943740845
219,0.7,0.7,,,2.87508487701416,0.6347840428352356,1.0,0.5837597250938416,0.604169487953186
220,0.7,0.7,,,0.2111515998840332,0.6320549249649048,0.0,0.624488890171051,0.0
221,0.7,0.7,,,1.8446805477142334,0.6363499164581299,0.0,0.6300956010818481,0.0
222,0.7,0.7,,,0.3174428939819336,0.6351641416549683,0.0,0.6368049383163452,0.0
223,0.7,0.7,,,2.766859292984009,0.6363601684570312,1.0,0.5778040885925293,0.6012265682220459
224,0.7,0.7,,,4.039057731628418,0.6361037492752075,1.0,0.5813760757446289,0.6032671928405762
225,0.7,0.7,,,4.0509724617004395,0.6370953321456909,1.0,0.5158509612083435,0.5643486976623535
226,0.7,0.7,,,3.9200844764709473,0.6321812868118286,1.0,0.4189528822898865,0.5042442679405212
227,0.7,0.7,,,1.9715533256530762,0.6348218321800232,1.0,0.36528274416923523,0.47309839725494385
228,0.7,0.7,,,3.9194953441619873,0.6362487077713013,1.0,0.5225658416748047,0.5680390000343323
229,0.7,0.7,,,0.3495347499847412,0.6349143981933594,0.0,0.6312836408615112,0.0
230,0.7,0.7,,,2.4607419967651367,0.6366673707962036,1.0,0.605326771736145,0.6178630590438843
231,0.7,0.7,,,4.049198627471924,0.6363514065742493,1.0,0.4921717345714569,0.5498436093330383
232,0.7,0.7,,,4.1395583152771,0.6364474892616272,1.0,0.46396297216415405,0.5329568386077881
233,0.7,0.7,,,4.122265815734863,0.6367780566215515,1.0,0.5153535604476929,0.5639233589172363
234,0.7,0.7,,,3.8285505771636963,0.6340134739875793,1.0,0.637053370475769,0.6358374357223511
235,0.7,0.7,,,3.759223222732544,0.6286011934280396,1.0,0.5861251354217529,0.6031155586242676
236,0.7,0.7,,,3.8594322204589844,0.63571697473526,1.0,0.6296833753585815,0.6320968270301819
237,0.7,0.7,,,3.884917736053467,0.6334767937660217,1.0,0.4941830039024353,0.5499005317687988
238,0.7,0.7,,,0.3224790096282959,0.6244637966156006,0.0,0.48699069023132324,0.0
239,0.7,0.7,,,3.601625680923462,0.6340779662132263,1.0,0.47213882207870483,0.5369144678115845
240,0.7,0.7,,,4.133430480957031,0.3760817050933838,1.0,0.4455487132072449,0.4177619218826294
241,0.7,0.7,,,4.287186622619629,0.45231392979621887,1.0,0.49152058362960815,0.47583794593811035
242,0.7,0.7,,,3.4277830123901367,0.6366097927093506,1.0,0.6370506882667542,0.6368743181228638
243,0.7,0.7,,,0.900249719619751,0.6371650099754333,1.0,0.6155694127082825,0.6242076754570007
244,0.7,0.7,,,2.2737832069396973,0.6347336769104004,1.0,0.45344725251197815,0.5259618163108826
245,0.7,0.7,,,1.372279405593872,0.6373733878135681,1.0,0.6024914979934692,0.6164442300796509
246,0.7,0.7,,,3.977273464202881,0.6363325119018555,1.0,0.534534215927124,0.5752536058425903
247,0.7,0.7,,,4.062184572219849,0.6367394924163818,1.0,0.47041115164756775,0.5369424819946289
248,0.7,0.7,,,4.042155981063843,0.635776162147522,1.0,0.5190489292144775,0.5657398700714111
249,0.7,0.7,,,4.199349403381348,0.3937176465988159,1.0,0.46626949310302734,0.43724876642227173
250,0.7,0.7,,,3.7540736198425293,0.637103796005249,1.0,0.5201964974403381,0.5669594407081604
251,0.7,0.7,,,3.5605499744415283,0.6367470622062683,1.0,0.41457995772361755,0.5034468173980713
252,0.7,0.7,,,3.8574910163879395,0.634803831577301,1.0,0.37420499324798584,0.47844454646110535
253,0.7,0.7,,,3.9666008949279785,0.6358274221420288,1.0,0.3799346685409546,0.4822917580604553
254,0.7,0.7,,,4.022033214569092,0.6361516714096069,1.0,0.4018368721008301,0.4955627918243408
255,0.7,0.7,,,4.059200286865234,0.6356241703033447,1.0,0.45834019780158997,0.5292537808418274
256,0.7,0.7,,,3.460893154144287,0.366019606590271,1.0,0.47835320234298706,0.43341976404190063
257,0.7,0.7,,,4.253971576690674,0.38827043771743774,0.0,0.3607306480407715,0.0
258,0.7,0.7,,,3.8075270652770996,0.6360916495323181,1.0,0.469164103269577,0.5359351634979248
259,0.7,0.7,,,3.849165916442871,0.6366531252861023,1.0,0.4483960270881653,0.5236989259719849
260,0.7,0.7,,,4.004753828048706,0.6370387077331543,1.0,0.40877556800842285,0.5000808238983154
261,0.7,0.7,,,4.200457572937012,0.3631215989589691,1.0,0.4073180556297302,0.3896394968032837
262,0.7,0.7,,,4.246830940246582,0.38069793581962585,1.0,0.4588739573955536,0.427603542804718
263,0.7,0.7,,,4.351810455322266,0.3807174563407898,1.0,0.487848162651062,0.4449958801269531
264,0.7,0.7,,,3.768686056137085,0.40382498502731323,1.0,0.36074772477149963,0.377978652715683
265,0.7,0.7,,,0.7300407886505127,0.6315490007400513,0.0,0.3607836365699768,0.0
266,0.7,0.7,,,0.22391057014465332,0.6309696435928345,0.0,0.5444990992546082,0.0
267,0.7,0.7,,,2.5726256370544434,0.6356339454650879,0.0,0.43860116600990295,0.0
268,0.7,0.7,,,0.34803247451782227,0.6348692774772644,0.0,0.5436785817146301,0.0
269,0.7,0.7,,,3.6453850269317627,0.6367233395576477,1.0,0.44842585921287537,0.5237448215484619
270,0.7,0.7,,,0.45137834548950195,0.6357744932174683,0.0,0.42685937881469727,0.0
271,0.7,0.7,,,4.115134954452515,0.36212873458862305,1.0,0.4012869894504547,0.3856236934661865
272,0.7,0.7,,,4.17678165435791,0.5808770656585693,1.0,0.4753511846065521,0.5175615549087524
273,0.7,0.7,,,3.876526355743408,0.6366857290267944,1.0,0.6370497941970825,0.6369041800498962
274,0.7,0.7,,,2.624972343444824,0.6339806914329529,1.0,0.6303514838218689,0.6318031549453735
275,0.7,0.7,,,3.7450954914093018,0.6358405947685242,1.0,0.39968299865722656,0.49414604902267456
276,0.7,0.7,,,2.806997537612915,0.634960949420929,1.0,0.46664997935295105,0.5339744091033936
277,0.7,0.7,,,0.2631657123565674,0.6313188076019287,0.0,0.4058474898338318,0.0
278,0.7,0.7,,,3.9677324295043945,0.6357014775276184,1.0,0.3895830512046814,0.48803043365478516
279,0.7,0.7,,,2.78045916557312,0.6371978521347046,1.0,0.5542412996292114,0.5874239206314087
280,0.7,0.7,,,4.177367448806763,0.4577712416648865,1.0,0.4890243411064148,0.47652310132980347
281,0.7,0.7,,,3.941720724105835,0.6320792436599731,1.0,0.6370634436607361,0.6350697875022888
282,0.7,0.7,,,3.7410683631896973,0.631812572479248,1.0,0.4469592273235321,0.5209006071090698
283,0.7,0.7,,,2.8987131118774414,0.6359400749206543,1.0,0.630914568901062,0.6329247951507568
284,0.7,0.7,,,3.247910737991333,0.6346731781959534,1.0,0.5388720035552979,0.577192485332489
285,0.7,0.7,,,0.2675776481628418,0.6230745911598206,0.0,0.5478992462158203,0.0
286,0.7,0.7,,,3.940650701522827,0.6323704719543457,1.0,0.46711674332618713,0.533218264579773
287,0.7,0.7,,,4.035156011581421,0.6337769031524658,1.0,0.40206944942474365,0.4947524666786194
288,0.7,0.7,,,4.129952669143677,0.6337685585021973,1.0,0.43203413486480713,0.5127279162406921
289,0.7,0.7,,,4.102950811386108,0.6364455819129944,1.0,0.5073503851890564,0.5589884519577026
290,0.7,0.7,,,2.300642490386963,0.6354170441627502,0.0,0.6140514612197876,0.0
291,0.7,0.7,,,3.756286382675171,0.6358113288879395,1.0,0.3879050612449646,0.4870675802230835
292,0.7,0.7,,,3.8734068870544434,0.6332738399505615,1.0,0.4631308913230896,0.5311881303787231
293,0.7,0.7,,,0.3301525115966797,0.63410484790802,0.0,0.5585071444511414,0.0
294,0.7,0.7,,,4.079207897186279,0.6362942457199097,1.0,0.45669111609458923,0.5285323858261108
295,0.7,0.7,,,4.048429250717163,0.6365967988967896,1.0,0.5712272524833679,0.5973750948905945
296,0.7,0.7,,,4.111316442489624,0.4329119920730591,1.0,0.4187448024749756,0.42441171407699585
297,0.7,0.7,,,4.157512664794922,0.36285829544067383,0.0,0.43252021074295044,0.0
298,0.7,0.7,,,3.089468479156494,0.6367149949073792,1.0,0.5377647876739502,0.5773448944091797
299,0.7,0.7,,,3.73435115814209,0.6280684471130371,1.0,0.45063546299934387,0.5216087102890015
300,0.7,0.7,,,3.542454957962036,0.6352910995483398,1.0,0.5345244407653809,0.5748311281204224
301,0.7,0.7,,,3.8420653343200684,0.6330109238624573,1.0,0.40708595514297485,0.4974559545516968
302,0.7,0.7,,,3.937434673309326,0.6337456703186035,1.0,0.4573535919189453,0.5279104709625244
303,0.7,0.7,,,3.976463794708252,0.6336644887924194,1.0,0.4275183379650116,0.5099768042564392
304,0.7,0.7,,,4.128449201583862,0.40500929951667786,0.0,0.49542710185050964,0.0
305,0.7,0.7,,,4.198548078536987,0.36124688386917114,1.0,0.5872886776924133,0.4968719482421875
306,0.7,0.7,,,3.9920217990875244,0.6340897083282471,1.0,0.6275109052658081,0.6301424503326416
307,0.7,0.7,,,2.8142940998077393,0.6306824684143066,1.0,0.3957841396331787,0.4897434711456299
308,0.7,0.7,,,0.1675875186920166,0.6016998291015625,0.0,0.3737238645553589,0.0
309,0.7,0.7,,,2.036618709564209,0.6330193281173706,1.0,0.40477776527404785,0.4960744082927704
310,0.7,0.7,,,0.2550318241119385,0.6234584450721741,0.0,0.3856355845928192,0.0
311,0.7,0.7,,,3.9658937454223633,0.6359966993331909,1.0,0.41687333583831787,0.5045226812362671
312,0.7,0.7,,,3.9311864376068115,0.6338778734207153,1.0,0.5113056302070618,0.5603345632553101
313,0.7,0.7,,,4.055862188339233,0.635006844997406,1.0,0.5054377317428589,0.5572654008865356
314,0.7,0.7,,,3.8187241554260254,0.3716433048248291,1.0,0.5144190788269043,0.4573087692260742
315,0.7,0.7,,,4.9668474197387695,0.4963504672050476,1.0,0.5399887561798096,0.5225334763526917
316,0.7,0.7,,,3.1530208587646484,0.634551465511322,1.0,0.43769556283950806,0.5164379477500916
317,0.7,0.7,,,2.279785394668579,0.6334561705589294,1.0,0.5193555355072021,0.5649957656860352
318,0.7,0.7,,,0.30718088150024414,0.6296727657318115,0.0,0.46452242136001587,0.0
319,0.7,0.7,,,3.9432449340820312,0.6353561282157898,1.0,0.4129756987094879,0.50192791223526
320,0.7,0.7,,,4.0798938274383545,0.6343904733657837,1.0,0.4465788006782532,0.5217034816741943
321,0.7,0.7,,,0.4828298091888428,0.6326690316200256,0.0,0.47844353318214417,0.0
322,0.7,0.7,,,3.9326393604278564,0.6293357014656067,1.0,0.3619239926338196,0.46888870000839233
323,0.7,0.7,,,3.7872674465179443,0.6210784316062927,1.0,0.38891419768333435,0.48177990317344666
324,0.7,0.7,,,3.6323883533477783,0.6297297477722168,1.0,0.37234020233154297,0.4752960205078125
325,0.7,0.7,,,3.890566110610962,0.616570234298706,1.0,0.3857596218585968,0.47808387875556946
326,0.7,0.7,,,3.79915714263916,0.6305522918701172,1.0,0.3873124122619629,0.48460838198661804
327,0.7,0.7,,,3.870697259902954,0.6286874413490295,1.0,0.36348289251327515,0.4695647358894348
328,0.7,0.7,,,3.896602153778076,0.6287496089935303,1.0,0.41436830163002014,0.5001208782196045
329,0.7,0.7,,,4.056222438812256,0.6285077333450317,1.0,0.36230945587158203,0.4687887728214264
330,0.7,0.7,,,0.4588489532470703,0.625433087348938,0.0,0.4542326331138611,0.0
331,0.7,0.7,,,4.213982820510864,0.42191562056541443,1.0,0.36077064275741577,0.38522863388061523
332,0.7,0.7,,,2.4366092681884766,0.6328988671302795,0.0,0.4343626797199249,0.0
333,0.7,0.7,,,3.832437753677368,0.6356260776519775,1.0,0.5346237421035767,0.5750247240066528
334,0.7,0.7,,,2.9569520950317383,0.6335245370864868,1.0,0.4451085329055786,0.5204749703407288
335,0.7,0.7,,,0.26592421531677246,0.6288928985595703,0.0,0.4152807295322418,0.0
336,0.7,0.7,,,3.4684062004089355,0.6323152780532837,1.0,0.40407034754753113,0.4953683316707611
337,0.7,0.7,,,0.37091565132141113,0.6295817494392395,0.0,0.4215174913406372,0.0
338,0.7,0.7,,,4.043316841125488,0.6345506906509399,1.0,0.4387759268283844,0.5170858502388
339,0.7,0.7,,,4.131564378738403,0.6347777247428894,1.0,0.4502266049385071,0.5240470767021179
340,0.7,0.7,,,3.9174246788024902,0.6368330121040344,1.0,0.6098785996437073,0.6206603646278381
341,0.7,0.7,,,2.41731595993042,0.6360886096954346,1.0,0.39507004618644714,0.49147748947143555
342,0.7,0.7,,,0.226362943649292,0.6346467733383179,0.0,0.5924654603004456,0.0
343,0.7,0.7,,,3.9233360290527344,0.6370068788528442,1.0,0.593491792678833,0.6108978390693665
344,0.7,0.7,,,0.35732221603393555,0.6360031366348267,0.0,0.6052063703536987,0.0
345,0.7,0.7,,,4.0749289989471436,0.6369481682777405,1.0,0.4928382933139801,0.5504822731018066
346,0.7,0.7,,,4.179582834243774,0.6372241973876953,1.0,0.5212023854255676,0.5676110982894897
347,0.7,0.7,,,3.6818695068359375,0.6337330341339111,1.0,0.5024628639221191,0.5549709796905518
348,0.7,0.7,,,4.220818758010864,0.500349223613739,1.0,0.5796223282814026,0.5479130744934082
349,0.7,0.7,,,4.128561973571777,0.4429253935813904,1.0,0.5876855254173279,0.5297814607620239
350,0.7,0.7,,,3.735074520111084,0.6350882053375244,1.0,0.4214560091495514,0.5069088935852051
351,0.7,0.7,,,0.22720003128051758,0.6319630146026611,0.0,0.5402160882949829,0.0
352,0.7,0.7,,,3.562134027481079,0.636991024017334,1.0,0.5686999559402466,0.5960164070129395
353,0.7,0.7,,,4.177459955215454,0.6357205510139465,1.0,0.6073585748672485,0.6187033653259277
354,0.7,0.7,,,3.985278367996216,0.6361859440803528,1.0,0.6194122433662415,0.6261217594146729
355,0.7,0.7,,,4.265709638595581,0.6357783675193787,1.0,0.6283807158470154,0.6313397884368896
356,0.7,0.7,,,4.212228059768677,0.36682456731796265,1.0,0.5585342049598694,0.48185035586357117
357,0.7,0.7,,,4.328802824020386,0.49415552616119385,1.0,0.5921982526779175,0.5529811978340149
358,0.7,0.7,,,3.9473772048950195,0.6372421979904175,1.0,0.6315733194351196,0.6338409185409546
359,0.7,0.7,,,3.5228798389434814,0.6357110738754272,1.0,0.6368151903152466,0.6363735795021057
360,0.7,0.7,,,3.8805997371673584,0.6366413235664368,1.0,0.6253922581672668,0.6298918724060059
361,0.7,0.7,,,1.9028937816619873,0.63258957862854,0.0,0.5711726546287537,0.0
362,0.7,0.7,,,3.7490549087524414,0.6372098922729492,1.0,0.6365585327148438,0.6368191242218018
363,0.7,0.7,,,4.002611398696899,0.6365991234779358,1.0,0.6169798374176025,0.6248275637626648
364,0.7,0.7,,,4.012495756149292,0.6372365355491638,1.0,0.6338324546813965,0.6351940631866455
365,0.7,0.7,,,4.141152381896973,0.6371853351593018,1.0,0.6275763511657715,0.6314199566841125
366,0.7,0.7,,,4.168715715408325,0.6370438933372498,1.0,0.6325666308403015,0.6343575716018677
367,0.7,0.7,,,3.7471022605895996,0.6254004240036011,1.0,0.36269229650497437,0.4677755832672119
368,0.7,0.7,,,2.0791778564453125,0.6361914277076721,1.0,0.5776469707489014,0.6010648012161255
369,0.7,0.7,,,2.4896152019500732,0.6363223791122437,1.0,0.5553898215293884,0.5877628326416016
370,0.7,0.7,,,4.103221893310547,0.6350845694541931,1.0,0.4921216666698456,0.5493068695068359
371,0.7,0.7,,,3.3368074893951416,0.36094391345977783,1.0,0.4807395935058594,0.4328213334083557
372,0.7,0.7,,,4.1827921867370605,0.3863217234611511,1.0,0.5421315431594849,0.47980761528015137
373,0.7,0.7,,,2.830571413040161,0.6365946531295776,1.0,0.6317638158798218,0.6336961984634399
374,0.7,0.7,,,2.850388765335083,0.6352100372314453,1.0,0.4744652807712555,0.538763165473938
375,0.7,0.7,,,0.1751563549041748,0.6233170032501221,0.0,0.5414687395095825,0.0
376,0.7,0.7,,,3.87209415435791,0.6352434754371643,1.0,0.5596947073936462,0.5899142026901245
377,0.7,0.7,,,3.4071364402770996,0.6369493007659912,1.0,0.5947998762130737,0.6116596460342407
378,0.7,0.7,,,3.975339651107788,0.6349279880523682,1.0,0.5503385066986084,0.5841742753982544
379,0.7,0.7,,,4.0710365772247314,0.6353102922439575,1.0,0.5708792209625244,0.5966516733169556
380,0.7,0.7,,,4.073341131210327,0.6365764141082764,1.0,0.5846137404441833,0.6053988337516785
381,0.7,0.7,,,3.6734769344329834,0.6371551752090454,1.0,0.6370561718940735,0.6370958089828491
382,0.7,0.7,,,2.9111716747283936,0.637251615524292,1.0,0.6354656219482422,0.63618004322052
383,0.7,0.7,,,3.7760226726531982,0.6365809440612793,1.0,0.5292443633079529,0.5721790194511414
384,0.7,0.7,,,3.9046850204467773,0.6347655057907104,1.0,0.5693337321281433,0.5955064296722412
385,0.7,0.7,,,3.9708967208862305,0.6351137161254883,1.0,0.5297471880912781,0.5718938112258911
386,0.7,0.7,,,4.128572463989258,0.6365953087806702,1.0,0.5865365266799927,0.6065600514411926
387,0.7,0.7,,,0.5721795558929443,0.6311815977096558,0.0,0.559761643409729,0.0
388,0.7,0.7,,,4.129703044891357,0.6365094184875488,1.0,0.3789593279361725,0.4819793701171875
389,0.7,0.7,,,3.7715377807617188,0.6347955465316772,1.0,0.3767533600330353,0.4799702763557434
390,0.7,0.7,,,3.84957218170166,0.6357686519622803,1.0,0.6004897356033325,0.6146013736724854
391,0.7,0.7,,,3.9121243953704834,0.6361783742904663,1.0,0.5558587312698364,0.5879865884780884
392,0.7,0.7,,,0.3300173282623291,0.6304000616073608,0.0,0.5679057240486145,0.0
393,0.7,0.7,,,4.001372814178467,0.6357206702232361,1.0,0.5842893719673157,0.6048619151115417
394,0.7,0.7,,,0.43379926681518555,0.6323816180229187,0.0,0.5882776975631714,0.0
395,0.7,0.7,,,4.195899486541748,0.3845975399017334,1.0,0.5721837282180786,0.497149258852005
396,0.7,0.7,,,0.5949883460998535,0.4895448684692383,0.0,0.6143633127212524,0.0
397,0.7,0.7,,,4.471810817718506,0.4162406623363495,1.0,0.37130793929100037,0.3892810344696045
398,0.7,0.7,,,0.17691349983215332,0.6253684759140015,0.0,0.5473204851150513,0.0
399,0.7,0.7,,,3.435248374938965,0.6364175081253052,1.0,0.5516306161880493,0.5855454206466675
400,0.7,0.7,,,3.9251959323883057,0.6362085938453674,1.0,0.42396122217178345,0.508860170841217
401,0.7,0.7,,,3.9451658725738525,0.6353769302368164,1.0,0.4361921548843384,0.5158660411834717
402,0.7,0.7,,,0.36847949028015137,0.6332435607910156,0.0,0.52705317735672,0.0
403,0.7,0.7,,,4.03702187538147,0.636591374874115,1.0,0.44863367080688477,0.5238167643547058
404,0.7,0.7,,,4.125369071960449,0.6367150545120239,1.0,0.518128514289856,0.5655631422996521
405,0.7,0.7,,,4.01401162147522,0.6370552778244019,1.0,0.6370514035224915,0.6370529532432556
406,0.7,0.7,,,3.769692897796631,0.6338281035423279,1.0,0.5318961143493652,0.5726689100265503
407,0.7,0.7,,,0.2576014995574951,0.6327326893806458,0.0,0.5912470817565918,0.0
408,0.7,0.7,,,3.9652254581451416,0.6360939741134644,1.0,0.6170594096183777,0.6246732473373413
409,0.7,0.7,,,0.45342540740966797,0.6357689499855042,0.0,0.6250410079956055,0.0
410,0.7,0.7,,,4.145717144012451,0.6365195512771606,1.0,0.6150737404823303,0.6236521005630493
411,0.7,0.7,,,4.264981269836426,0.3609168827533722,1.0,0.61262047290802,0.5119390487670898
412,0.7,0.7,,,4.331081390380859,0.5900879502296448,1.0,0.5944218635559082,0.5926883220672607
413,0.7,0.7,,,4.34942364692688,0.5900648236274719,1.0,0.6114825010299683,0.6029154062271118
414,0.7,0.7,,,3.8076071739196777,0.6309190392494202,1.0,0.5843796730041504,0.6029953956604004
415,0.7,0.7,,,0.21041202545166016,0.6181744933128357,0.0,0.5854136347770691,0.0
416,0.7,0.7,,,3.855036735534668,0.6307816505432129,1.0,0.47625112533569336,0.5380633473396301
417,0.7,0.7,,,3.972938299179077,0.6333879828453064,1.0,0.5247801542282104,0.5682232975959778
418,0.7,0.7,,,3.982065439224243,0.6329613924026489,1.0,0.5879418849945068,0.6059496998786926
419,0.7,0.7,,,4.0667033195495605,0.6351116895675659,1.0,0.6014435887336731,0.6149108409881592
420,0.7,0.7,,,0.47451019287109375,0.6277890205383301,0.0,0.5612668991088867,0.0
421,0.7,0.7,,,3.7981112003326416,0.6345903873443604,1.0,0.6360238790512085,0.6354504823684692
422,0.7,0.7,,,3.7696750164031982,0.6357911825180054,1.0,0.6091967225074768,0.6198345422744751
423,0.7,0.7,,,2.3191990852355957,0.6366236209869385,1.0,0.4096106290817261,0.5004158616065979
424,0.7,0.7,,,1.9240081310272217,0.6366239190101624,1.0,0.5179304480552673,0.5654078722000122
425,0.7,0.7,,,3.989690065383911,0.6352706551551819,1.0,0.4249756634235382,0.509093701839447
426,0.7,0.7,,,4.0531086921691895,0.6356285810470581,1.0,0.47923099994659424,0.5417900681495667
427,0.7,0.7,,,4.100516319274902,0.6358439922332764,1.0,0.480623722076416,0.5427118539810181
428,0.7,0.7,,,4.164676189422607,0.6347639560699463,1.0,0.46083804965019226,0.5304084420204163
429,0.7,0.7,,,0.6016261577606201,0.6203696131706238,0.0,0.5518653392791748,0.0
430,0.7,0.7,,,3.8766775131225586,0.6356781721115112,1.0,0.5830599069595337,0.6041072607040405
431,0.7,0.7,,,3.3779072761535645,0.634895920753479,1.0,0.37104982137680054,0.47658827900886536
432,0.7,0.7,,,0.21687912940979004,0.6312617659568787,0.0,0.49157094955444336,0.0
433,0.7,0.7,,,3.9533705711364746,0.635802149772644,1.0,0.4241277575492859,0.5087975263595581
434,0.7,0.7,,,0.3615725040435791,0.6321186423301697,0.0,0.477375864982605,0.0
435,0.7,0.7,,,2.6660428047180176,0.6366238594055176,1.0,0.5757904052734375,0.6001237630844116
436,0.7,0.7,,,0.5598208904266357,0.6330922842025757,0.0,0.5970234870910645,0.0
437,0.7,0.7,,,4.314815044403076,0.38089779019355774,1.0,0.493580162525177,0.44850724935531616
438,0.7,0.7,,,4.336619138717651,0.38091742992401123,1.0,0.550620436668396,0.48273926973342896
439,0.7,0.7,,,2.980597734451294,0.6349628567695618,1.0,0.4229596257209778,0.5077608823776245
440,0.7,0.7,,,3.8227734565734863,0.6301264762878418,1.0,0.43549609184265137,0.5133482813835144
441,0.7,0.7,,,3.9200439453125,0.6346361637115479,1.0,0.40233880281448364,0.49525779485702515
442,0.7,0.7,,,3.9766883850097656,0.6327553391456604,1.0,0.417971134185791,0.5038848519325256
443,0.7,0.7,,,4.058185338973999,0.634192705154419,1.0,0.4130922853946686,0.5015324950218201
444,0.7,0.7,,,4.060340881347656,0.4094966650009155,1.0,0.47658002376556396,0.4497467279434204
445,0.7,0.7,,,4.100596189498901,0.4701862037181854,1.0,0.532753050327301,0.5077263116836548
446,0.7,0.7,,,4.036435842514038,0.6333881616592407,1.0,0.6366448402404785,0.6353421807289124
447,0.7,0.7,,,3.8182008266448975,0.6335463523864746,1.0,0.4635520577430725,0.5315498113632202
448,0.7,0.7,,,3.924335241317749,0.6330779790878296,1.0,0.5382213592529297,0.5761640071868896
449,0.7,0.7,,,0.32907915115356445,0.6292288303375244,0.0,0.43420496582984924,0.0
450,0.7,0.7,,,4.001673460006714,0.6338721513748169,1.0,0.4287415146827698,0.5107938051223755
451,0.7,0.7,,,0.4714334011077881,0.6320001482963562,0.0,0.4300474226474762,0.0
452,0.7,0.7,,,4.144709348678589,0.634635865688324,1.0,0.42166849970817566,0.5068554878234863
453,0.7,0.7,,,3.427645683288574,0.3610501289367676,1.0,0.3841131925582886,0.37488800287246704
454,0.7,0.7,,,4.0347511768341064,0.6361650228500366,1.0,0.5684458017349243,0.5955334901809692
455,0.7,0.7,,,2.9734046459198,0.6303709149360657,1.0,0.48630985617637634,0.5439342856407166
456,0.7,0.7,,,3.840013027191162,0.6352399587631226,1.0,0.5502101182937622,0.5842220783233643
457,0.7,0.7,,,3.8680756092071533,0.6365963220596313,1.0,0.48172345757484436,0.5436726212501526
458,0.7,0.7,,,4.128381967544556,0.6345416307449341,1.0,0.4115077555179596,0.5007213354110718
459,0.7,0.7,,,2.640545129776001,0.6347589492797852,1.0,0.4580681025981903,0.5287444591522217
460,0.7,0.7,,,4.063422918319702,0.6357002854347229,1.0,0.5572196245193481,0.588611900806427
461,0.7,0.7,,,3.505204677581787,0.36230283975601196,1.0,0.468911737203598,0.42626821994781494
462,0.7,0.7,,,4.4701385498046875,0.3608526587486267,1.0,0.4677121341228485,0.4249683618545532
463,0.7,0.7,,,4.018884181976318,0.6313701868057251,1.0,0.5285059213638306,0.5696516036987305
464,0.7,0.7,,,3.8029727935791016,0.6287417411804199,1.0,0.36613643169403076,0.4711785912513733
465,0.7,0.7,,,3.8567440509796143,0.6326680183410645,1.0,0.4034166932106018,0.4951172471046448
466,0.7,0.7,,,3.9085731506347656,0.633499801158905,1.0,0.48038092255592346,0.5416284799575806
467,0.7,0.7,,,3.9184136390686035,0.6365053653717041,1.0,0.4628968834877014,0.5323402881622314
468,0.7,0.7,,,4.080276727676392,0.6344634294509888,1.0,0.3674135208129883,0.4742335081100464
469,0.7,0.7,,,0.533186674118042,0.632023811340332,0.0,0.38173550367355347,0.0
470,0.7,0.7,,,2.5206356048583984,0.6361680030822754,1.0,0.4541628062725067,0.5269649028778076
471,0.7,0.7,,,4.178685665130615,0.5104566812515259,1.0,0.5258299112319946,0.5196806192398071
472,0.7,0.7,,,3.3164432048797607,0.6352840065956116,0.0,0.6026493906974792,0.0
473,0.7,0.7,,,1.2311382293701172,0.6319394111633301,1.0,0.4515173137187958,0.5236861705780029
474,0.7,0.7,,,3.815765380859375,0.630373477935791,1.0,0.4125795066356659,0.49969711899757385
475,0.7,0.7,,,1.5214040279388428,0.6299813985824585,0.0,0.47338324785232544,0.0
476,0.7,0.7,,,3.9163291454315186,0.6359678506851196,1.0,0.5062183737754822,0.5581181645393372
477,0.7,0.7,,,3.9370923042297363,0.6355525255203247,1.0,0.44151777029037476,0.5191316604614258
478,0.7,0.7,,,4.031313180923462,0.634086549282074,1.0,0.47836846113204956,0.5406557321548462
479,0.7,0.7,,,4.124525547027588,0.6346657276153564,1.0,0.4430750012397766,0.5197112560272217
480,0.7,0.7,,,4.152222633361816,0.6339107155799866,1.0,0.43373510241508484,0.5138053894042969
481,0.7,0.7,,,3.0459132194519043,0.6363128423690796,1.0,0.637052059173584,0.636756420135498
482,0.7,0.7,,,0.20814752578735352,0.6253467202186584,0.0,0.49552980065345764,0.0
483,0.7,0.7,,,2.472710609436035,0.6366381645202637,0.0,0.5627151131629944,0.0
484,0.7,0.7,,,3.9333319664001465,0.6354988813400269,1.0,0.4303102195262909,0.5123857259750366
485,0.7,0.7,,,2.5790562629699707,0.6364523768424988,1.0,0.5665282011032104,0.5944979190826416
486,0.7,0.7,,,2.2452151775360107,0.6363095641136169,1.0,0.5808687806129456,0.6030451059341431
487,0.7,0.7,,,3.0622925758361816,0.636745810508728,1.0,0.5503408908843994,0.5849028825759888
488,0.7,0.7,,,1.9267826080322266,0.6362869143486023,1.0,0.5895606279373169,0.6082512140274048
489,0.7,0.7,,,2.6170363426208496,0.6357405185699463,1.0,0.637047529220581,0.6365247368812561
490,0.7,0.7,,,3.778836727142334,0.6348034143447876,1.0,0.5053620338439941,0.5571385622024536
491,0.7,0.7,,,3.8049535751342773,0.6350767612457275,1.0,0.6148449182510376,0.6229376792907715
492,0.7,0.7,,,2.6212446689605713,0.636035680770874,1.0,0.6333163976669312,0.634404182434082
493,0.7,0.7,,,3.4585721492767334,0.6362685561180115,1.0,0.571197509765625,0.5972259044647217
494,0.7,0.7,,,2.124147891998291,0.6330709457397461,1.0,0.5462677478790283,0.5809890627861023
495,0.7,0.7,,,0.3606901168823242,0.6272544860839844,0.0,0.5318496823310852,0.0
496,0.7,0.7,,,3.404811382293701,0.6355061531066895,1.0,0.5998983383178711,0.6141414642333984
497,0.7,0.7,,,4.065211057662964,0.6338315606117249,1.0,0.5696945190429688,0.5953493118286133
498,0.7,0.7,,,3.6703920364379883,0.6370314955711365,1.0,0.6370397806167603,0.6370364427566528
499,0.7,0.7,,,0.263796329498291,0.631029486656189,0.0,0.6043193340301514,0.0
500,0.7,0.7,,,3.0956039428710938,0.6356229186058044,1.0,0.45098361372947693,0.5248394012451172
501,0.7,0.7,,,3.0100462436676025,0.6320037841796875,1.0,0.4326307475566864,0.5123800039291382
502,0.7,0.7,,,0.20993638038635254,0.627625584602356,0.0,0.6369524002075195,0.0
503,0.7,0.7,,,0.3513801097869873,0.626132071018219,0.0,0.5970202684402466,0.0
504,0.7,0.7,,,4.085656404495239,0.6330202221870422,1.0,0.546275794506073,0.5809736251831055
505,0.7,0.7,,,4.209516525268555,0.37244004011154175,1.0,0.488711953163147,0.44220322370529175
506,0.7,0.7,,,3.663012742996216,0.3648984432220459,1.0,0.5752469301223755,0.4911075532436371
507,0.7,0.7,,,3.7887303829193115,0.6337992548942566,1.0,0.40097737312316895,0.49410614371299744
508,0.7,0.7,,,0.21498942375183105,0.6244480013847351,0.0,0.4171603322029114,0.0
509,0.7,0.7,,,3.8589866161346436,0.6366173624992371,1.0,0.4573066830635071,0.529030978679657
510,0.7,0.7,,,0.43288397789001465,0.6317524909973145,0.0,0.5097694993019104,0.0
511,0.7,0.7,,,3.064687490463257,0.6363815069198608,1.0,0.5011165142059326,0.5552225112915039
512,0.7,0.7,,,2.9520487785339355,0.5836046934127808,1.0,0.5357913970947266,0.5549167394638062
513,0.7,0.7,,,4.433286666870117,0.5701077580451965,0.0,0.5665290355682373,0.0
514,0.7,0.7,,,4.324787378311157,0.5097349286079407,1.0,0.3633836805820465,0.4219241738319397
515,0.7,0.7,,,1.850959062576294,0.6296026110649109,1.0,0.37141746282577515,0.4746915102005005
516,0.7,0.7,,,2.67887282371521,0.6335004568099976,1.0,0.4217970371246338,0.5064784288406372
517,0.7,0.7,,,3.2009477615356445,0.6347941756248474,1.0,0.45645609498023987,0.5277913212776184
518,0.7,0.7,,,3.941002368927002,0.6341311931610107,1.0,0.42187070846557617,0.50677490234375
519,0.7,0.7,,,3.9892587661743164,0.6350811719894409,1.0,0.5305960178375244,0.572390079498291
520,0.7,0.7,,,4.043300628662109,0.6345042586326599,1.0,0.3911263346672058,0.48847752809524536
521,0.7,0.7,,,4.0321574211120605,0.6324895620346069,1.0,0.4127407670021057,0.5006402730941772
522,0.7,0.7,,,4.28071665763855,0.5217242240905762,1.0,0.4867093563079834,0.5007153153419495
523,0.7,0.7,,,3.7859110832214355,0.6361774206161499,1.0,0.599429726600647,0.614128828048706
524,0.7,0.7,,,3.8656952381134033,0.6350893974304199,1.0,0.523760199546814,0.5682919025421143
525,0.7,0.7,,,3.0871024131774902,0.6331461668014526,1.0,0.47045353055000305,0.5355305671691895
526,0.7,0.7,,,3.9669349193573,0.6338706612586975,1.0,0.500406801700592,0.5537923574447632
527,0.7,0.7,,,2.2933874130249023,0.6318455338478088,0.0,0.4353899359703064,0.0
528,0.7,0.7,,,4.130996942520142,0.6320313215255737,1.0,0.4899020791053772,0.5467537641525269
529,0.7,0.7,,,3.8299293518066406,0.6359738111495972,1.0,0.5724102258682251,0.5978356599807739
530,0.7,0.7,,,3.831702947616577,0.630056619644165,1.0,0.3899933695793152,0.48601868748664856
531,0.7,0.7,,,0.21059918403625488,0.6064626574516296,0.0,0.5136418342590332,0.0
532,0.7,0.7,,,4.047515153884888,0.6324363946914673,1.0,0.4289158284664154,0.5103241205215454
533,0.7,0.7,,,4.0599048137664795,0.6352400779724121,1.0,0.528203547000885,0.5710181593894958
534,0.7,0.7,,,4.128764867782593,0.6323933601379395,1.0,0.5268207788467407,0.5690498352050781
535,0.7,0.7,,,4.197477102279663,0.36075302958488464,1.0,0.5047158002853394,0.4471307396888733
536,0.7,0.7,,,0.656123161315918,0.360749751329422,0.0,0.5923175811767578,0.0
537,0.7,0.7,,,2.658463478088379,0.6365107297897339,1.0,0.6370420455932617,0.6368295550346375
538,0.7,0.7,,,3.164457082748413,0.628425121307373,1.0,0.5153913497924805,0.5606048703193665
539,0.7,0.7,,,2.7648184299468994,0.6319776773452759,1.0,0.5983219146728516,0.6117842197418213
540,0.7,0.7,,,3.9720816612243652,0.6323670148849487,1.0,0.5274628400802612,0.5694245100021362
541,0.7,0.7,,,4.0032830238342285,0.6340418457984924,1.0,0.5030115246772766,0.5554236769676208
542,0.7,0.7,,,4.07208251953125,0.6327627897262573,1.0,0.6011655330657959,0.6138044595718384
543,0.7,0.7,,,4.09451961517334,0.39395853877067566,1.0,0.5854276418685913,0.508840024471283
544,0.7,0.7,,,4.163190603256226,0.3607483506202698,1.0,0.5735615491867065,0.4884362816810608
545,0.7,0.7,,,4.452677965164185,0.5461158752441406,1.0,0.3858928084373474,0.44998204708099365
546,0.7,0.7,,,3.7593908309936523,0.6318105459213257,1.0,0.3966676890850067,0.4907248616218567
547,0.7,0.7,,,3.6188714504241943,0.634274959564209,1.0,0.46324989199638367,0.5316599607467651
548,0.7,0.7,,,3.5646867752075195,0.6322464942932129,1.0,0.5701035261154175,0.5949606895446777
549,0.7,0.7,,,0.424152135848999,0.629073977470398,0.0,0.588054895401001,0.0
550,0.7,0.7,,,3.5107457637786865,0.412480890750885,1.0,0.5887757539749146,0.5182578563690186
551,0.7,0.7,,,4.268615961074829,0.4125036895275116,1.0,0.5045320987701416,0.46772074699401855
552,0.7,0.7,,,2.641366720199585,0.4125264883041382,1.0,0.5223705768585205,0.47843295335769653
553,0.7,0.7,,,0.7056124210357666,0.41254928708076477,0.0,0.5772387385368347,0.0
554,0.7,0.7,,,3.660081624984741,0.6348797082901001,1.0,0.6370353698730469,0.6361731290817261
555,0.7,0.7,,,3.4591376781463623,0.6279438138008118,1.0,0.4102201759815216,0.4973096251487732
556,0.7,0.7,,,0.17219281196594238,0.6018286943435669,0.0,0.4583742916584015,0.0
557,0.7,0.7,,,2.493450403213501,0.6257508397102356,1.0,0.4659799635410309,0.5298883318901062
558,0.7,0.7,,,2.1901164054870605,0.6215243935585022,1.0,0.42760705947875977,0.5051740407943726
559,0.7,0.7,,,2.845324993133545,0.627655029296875,1.0,0.5233787298202515,0.565089225769043
560,0.7,0.7,,,0.43422579765319824,0.6203547120094299,0.0,0.567314624786377,0.0
561,0.7,0.7,,,2.47580623626709,0.6328475475311279,1.0,0.5519969463348389,0.5843372344970703
562,0.7,0.7,,,2.890727996826172,0.6335455179214478,1.0,0.5675137639045715,0.5939264893531799
563,0.7,0.7,,,4.344571352005005,0.5729456543922424,1.0,0.4841289520263672,0.5196556448936462
564,0.7,0.7,,,3.8041043281555176,0.6361134052276611,1.0,0.5606662034988403,0.5908451080322266
565,0.7,0.7,,,3.8055520057678223,0.6348016262054443,1.0,0.42127692699432373,0.506686806678772
566,0.7,0.7,,,3.8571643829345703,0.6346473693847656,1.0,0.49464669823646545,0.5506470203399658
567,0.7,0.7,,,3.58066463470459,0.6365817189216614,1.0,0.5496290922164917,0.5844101905822754
568,0.7,0.7,,,3.9247384071350098,0.6315990686416626,1.0,0.4449352025985718,0.5196007490158081
569,0.7,0.7,,,3.9871366024017334,0.6303510665893555,1.0,0.44441574811935425,0.5187898874282837
570,0.7,0.7,,,4.058475732803345,0.6330304741859436,1.0,0.5986714959144592,0.612415075302124
571,0.7,0.7,,,0.4741530418395996,0.6200820803642273,0.0,0.5933351516723633,0.0
572,0.7,0.7,,,3.8816163539886475,0.6335212588310242,1.0,0.5260167121887207,0.5690186023712158
573,0.7,0.7,,,2.271383762359619,0.6286106109619141,1.0,0.4740457832813263,0.5358717441558838
574,0.7,0.7,,,0.16572070121765137,0.6020321846008301,0.0,0.40307796001434326,0.0
575,0.7,0.7,,,3.8501780033111572,0.6294432878494263,1.0,0.4157556891441345,0.5012307167053223
576,0.7,0.7,,,0.3330073356628418,0.6201096177101135,0.0,0.5593457818031311,0.0
577,0.7,0.7,,,2.9540421962738037,0.635784387588501,1.0,0.6323505640029907,0.6337240934371948
578,0.7,0.7,,,4.194281339645386,0.6363990902900696,0.0,0.6297197937965393,0.0
579,0.7,0.7,,,4.335597515106201,0.4347579777240753,0.0,0.5906426310539246,0.0
580,0.7,0.7,,,3.8850152492523193,0.6337969303131104,1.0,0.634802520275116,0.6344003081321716
581,0.7,0.7,,,3.7607998847961426,0.6340585947036743,1.0,0.4429643154144287,0.519402027130127
582,0.7,0.7,,,0.21473217010498047,0.6096380352973938,0.0,0.449454665184021,0.0
583,0.7,0.7,,,2.684218406677246,0.6250201463699341,1.0,0.46649113297462463,0.5299027562141418
584,0.7,0.7,,,0.32085418701171875,0.6219502687454224,0.0,0.5644100904464722,0.0
585,0.7,0.7,,,1.712022304534912,0.6262272596359253,0.0,0.5276634097099304,0.0
586,0.7,0.7,,,0.4657747745513916,0.628528892993927,0.0,0.5698527693748474,0.0
587,0.7,0.7,,,2.892954111099243,0.44099611043930054,1.0,0.5890241265296936,0.5298129320144653
588,0.7,0.7,,,1.8582909107208252,0.4410141408443451,0.0,0.6045558452606201,0.0
589,0.7,0.7,,,2.2268431186676025,0.6274225115776062,1.0,0.4243800938129425,0.5055971145629883
590,0.7,0.7,,,0.1667461395263672,0.5880587100982666,0.0,0.43601882457733154,0.0
591,0.7,0.7,,,2.3472869396209717,0.6320663094520569,0.0,0.6059885621070862,0.0
592,0.7,0.7,,,4.106241941452026,0.6321972012519836,1.0,0.5337745547294617,0.5731436014175415
593,0.7,0.7,,,0.5307483673095703,0.622535765171051,0.0,0.560334324836731,0.0
594,0.7,0.7,,,3.4620728492736816,0.36180365085601807,0.0,0.5072944760322571,0.0
595,0.7,0.7,,,3.84075927734375,0.6356897950172424,1.0,0.617847740650177,0.6249845623970032
596,0.7,0.7,,,1.7577762603759766,0.6353152990341187,1.0,0.5992624759674072,0.6136836409568787
597,0.7,0.7,,,3.0286505222320557,0.6337993144989014,1.0,0.43966352939605713,0.5173178911209106
598,0.7,0.7,,,0.3721935749053955,0.6270668506622314,0.0,0.5380882024765015,0.0
599,0.7,0.7,,,1.7237138748168945,0.6303246021270752,1.0,0.5295105576515198,0.5698361992835999
600,0.7,0.7,,,4.1786065101623535,0.36213380098342896,1.0,0.5531589984893799,0.4767489433288574
601,0.7,0.7,,,4.043302059173584,0.36082348227500916,1.0,0.4725179076194763,0.42784014344215393
602,0.7,0.7,,,0.5935962200164795,0.3863573372364044,0.0,0.5359233021736145,0.0
603,0.7,0.7,,,1.9338068962097168,0.6314834356307983,1.0,0.5634748339653015,0.5906782746315002
604,0.7,0.7,,,3.405991792678833,0.6284385919570923,1.0,0.37460580468177795,0.4761389493942261
605,0.7,0.7,,,3.595449209213257,0.6348426938056946,1.0,0.6370211243629456,0.6361497640609741
606,0.7,0.7,,,2.986093044281006,0.6335784196853638,1.0,0.5670062899589539,0.5936352014541626
607,0.7,0.7,,,4.0359883308410645,0.6266787648200989,1.0,0.47787126898765564,0.5373942852020264
608,0.7,0.7,,,3.9850521087646484,0.6338798999786377,1.0,0.44402316212654114,0.5199658870697021
609,0.7,0.7,,,4.016507148742676,0.6323666572570801,1.0,0.3927149176597595,0.48857563734054565
610,0.7,0.7,,,4.180209398269653,0.3630504608154297,1.0,0.43296802043914795,0.4050010144710541
611,0.7,0.7,,,2.50950288772583,0.6363371014595032,1.0,0.6370084285736084,0.6367399096488953
612,0.7,0.7,,,3.7565460205078125,0.6315100789070129,1.0,0.4633781611919403,0.5306309461593628
613,0.7,0.7,,,0.17394685745239258,0.6066921949386597,0.0,0.5144647359848022,0.0
614,0.7,0.7,,,3.9729371070861816,0.6282453536987305,1.0,0.5999679565429688,0.6112789511680603
615,0.7,0.7,,,0.5345900058746338,0.6271865367889404,0.0,0.6104193329811096,0.0
616,0.7,0.7,,,4.21286940574646,0.3723686933517456,1.0,0.5986682176589966,0.5081484317779541
617,0.7,0.7,,,0.6867177486419678,0.372384250164032,0.0,0.6164117455482483,0.0
618,0.7,0.7,,,3.6810896396636963,0.6358310580253601,1.0,0.6370162963867188,0.6365422010421753
619,0.7,0.7,,,3.380460500717163,0.629036545753479,1.0,0.5876738429069519,0.6042189598083496
620,0.7,0.7,,,3.879835844039917,0.6279783248901367,1.0,0.4556664228439331,0.5245912075042725
621,0.7,0.7,,,0.3171229362487793,0.6053100824356079,0.0,0.41277268528938293,0.0
622,0.7,0.7,,,0.46819376945495605,0.620510995388031,0.0,0.5915031433105469,0.0
623,0.7,0.7,,,4.214946985244751,0.3606806993484497,1.0,0.5512802004814148,0.4750404357910156
624,0.7,0.7,,,4.100172996520996,0.6355132460594177,1.0,0.40252405405044556,0.4957197606563568
625,0.7,0.7,,,0.7752745151519775,0.625325083732605,0.0,0.42387521266937256,0.0
626,0.7,0.7,,,0.17139458656311035,0.6080977320671082,0.0,0.4381696581840515,0.0
627,0.7,0.7,,,2.321106195449829,0.6309475898742676,1.0,0.48335444927215576,0.5423917174339294
628,0.7,0.7,,,0.2640109062194824,0.6221706867218018,0.0,0.4471995532512665,0.0
629,0.7,0.7,,,4.036013126373291,0.6340960264205933,1.0,0.47765687108039856,0.5402325391769409
630,0.7,0.7,,,0.4651646614074707,0.6317126154899597,0.0,0.48023390769958496,0.0
631,0.7,0.7,,,2.496110439300537,0.6361356973648071,0.0,0.5390589833259583,0.0
632,0.7,0.7,,,4.160301446914673,0.3631816506385803,0.0,0.5223822593688965,0.0
633,0.7,0.7,,,4.086165904998779,0.6368712186813354,1.0,0.6313949823379517,0.633585512638092
634,0.7,0.7,,,3.8306684494018555,0.6359549164772034,1.0,0.5307086110115051,0.5728071928024292
635,0.7,0.7,,,0.2094862461090088,0.6226217150688171,0.0,0.47197097539901733,0.0
636,0.7,0.7,,,2.4398248195648193,0.6305710077285767,1.0,0.5550430417060852,0.5852542519569397
637,0.7,0.7,,,0.3094816207885742,0.6239104866981506,0.0,0.5442954897880554,0.0
638,0.7,0.7,,,2.653608798980713,0.636201024055481,1.0,0.5762939453125,0.6002568006515503
639,0.7,0.7,,,0.4630453586578369,0.6312673091888428,0.0,0.5813199281692505,0.0
640,0.7,0.7,,,4.2039384841918945,0.38733160495758057,1.0,0.5373040437698364,0.47731509804725647
641,0.7,0.7,,,3.926250696182251,0.3617081642150879,1.0,0.5751265287399292,0.4897592067718506
642,0.7,0.7,,,2.103729248046875,0.6314358115196228,1.0,0.6067432761192322,0.6166203022003174
643,0.7,0.7,,,0.31158971786499023,0.6233245134353638,0.0,0.4522643983364105,0.0
644,0.7,0.7,,,3.761401891708374,0.6358128190040588,1.0,0.6266447305679321,0.6303119659423828
645,0.7,0.7,,,0.47533440589904785,0.6271572709083557,0.0,0.6084998846054077,0.0
646,0.7,0.7,,,3.1275553703308105,0.36128681898117065,0.0,0.5946044921875,0.0
647,0.7,0.7,,,0.6070306301116943,0.3698071241378784,0.0,0.5589088201522827,0.0
648,0.7,0.7,,,2.879312515258789,0.3719016909599304,1.0,0.48823630809783936,0.4417024850845337
649,0.7,0.7,,,3.432731866836548,0.3719169795513153,1.0,0.5273114442825317,0.46515369415283203
650,0.7,0.7,,,3.381211519241333,0.4121323823928833,1.0,0.5214424729347229,0.4777184724807739
651,0.7,0.7,,,2.677210569381714,0.6342787146568298,1.0,0.5334252119064331,0.5737665891647339
652,0.7,0.7,,,0.14851593971252441,0.5915948748588562,0.0,0.40800514817237854,0.0
653,0.7,0.7,,,3.8105947971343994,0.6318286657333374,1.0,0.5090305805206299,0.5581498146057129
654,0.7,0.7,,,0.22191548347473145,0.60560542345047,0.0,0.4530354142189026,0.0
655,0.7,0.7,,,2.8735625743865967,0.6352490782737732,1.0,0.579490065574646,0.601793646812439
656,0.7,0.7,,,3.97064208984375,0.6323630809783936,0.0,0.4799186885356903,0.0
657,0.7,0.7,,,3.5921642780303955,0.6347731351852417,1.0,0.4789562225341797,0.5412830114364624
658,0.7,0.7,,,0.5308430194854736,0.6284605264663696,0.0,0.446074903011322,0.0
659,0.7,0.7,,,4.172612190246582,0.47319403290748596,1.0,0.5528172850608826,0.520967960357666
660,0.7,0.7,,,3.800605535507202,0.6353937983512878,1.0,0.4420483112335205,0.5193865299224854
661,0.7,0.7,,,0.17702388763427734,0.6229518055915833,0.0,0.5249254703521729,0.0
662,0.7,0.7,,,3.86771821975708,0.6304389834403992,1.0,0.3872738778591156,0.4845399260520935
663,0.7,0.7,,,0.3323523998260498,0.6231383681297302,0.0,0.47081226110458374,0.0
664,0.7,0.7,,,4.322782516479492,0.6300488114356995,1.0,0.45084357261657715,0.5225256681442261
665,0.7,0.7,,,0.4474494457244873,0.6268455386161804,0.0,0.5158403515815735,0.0
666,0.7,0.7,,,3.3112223148345947,0.6360816955566406,1.0,0.4936366379261017,0.5506147146224976
667,0.7,0.7,,,0.5353615283966064,0.6255370378494263,0.0,0.4343774914741516,0.0
668,0.7,0.7,,,2.0438082218170166,0.6301246881484985,1.0,0.4576180875301361,0.5266207456588745
669,0.7,0.7,,,3.7348849773406982,0.633920431137085,1.0,0.4515281617641449,0.5244851112365723
670,0.7,0.7,,,2.0738933086395264,0.6271036863327026,1.0,0.5091381669044495,0.5563243627548218
671,0.7,0.7,,,4.043738842010498,0.6343850493431091,1.0,0.6066263318061829,0.6177298426628113
672,0.7,0.7,,,3.8157081604003906,0.6365446448326111,1.0,0.6270160675048828,0.6308275461196899
673,0.7,0.7,,,4.2052435874938965,0.38994938135147095,1.0,0.5933908224105835,0.5120142698287964
674,0.7,0.7,,,4.281126976013184,0.38997143507003784,1.0,0.5677077174186707,0.49661320447921753
675,0.7,0.7,,,3.9213688373565674,0.6366590857505798,1.0,0.47944706678390503,0.5423319339752197
676,0.7,0.7,,,3.7524898052215576,0.6337774991989136,1.0,0.4878983199596405,0.5462499856948853
677,0.7,0.7,,,3.7628068923950195,0.6337535381317139,1.0,0.42070573568344116,0.5059248805046082
678,0.7,0.7,,,3.8319292068481445,0.6361219882965088,1.0,0.4613310992717743,0.5312474966049194
679,0.7,0.7,,,0.26721692085266113,0.6286493539810181,0.0,0.467664510011673,0.0
680,0.7,0.7,,,3.622802972793579,0.6361297965049744,1.0,0.563795804977417,0.5927294492721558
681,0.7,0.7,,,4.0384111404418945,0.6362563967704773,1.0,0.5498223304748535,0.5843960046768188
682,0.7,0.7,,,4.1532135009765625,0.5989903807640076,1.0,0.6006572842597961,0.5999905467033386
683,0.7,0.7,,,4.059100151062012,0.6340960264205933,1.0,0.5256606340408325,0.5690348148345947
684,0.7,0.7,,,3.753225326538086,0.6346756219863892,1.0,0.5327971577644348,0.5735485553741455
685,0.7,0.7,,,3.287611961364746,0.6350272297859192,1.0,0.5011668801307678,0.5547109842300415
686,0.7,0.7,,,3.9599010944366455,0.6348599791526794,1.0,0.502770721912384,0.555606484413147
687,0.7,0.7,,,2.916700839996338,0.633590817451477,1.0,0.5514154434204102,0.5842856168746948
688,0.7,0.7,,,3.661184072494507,0.6358463764190674,1.0,0.5015839338302612,0.5552889108657837
689,0.7,0.7,,,4.147579669952393,0.4193396270275116,1.0,0.5813676714897156,0.5165565013885498
690,0.7,0.7,,,2.5480146408081055,0.3606613278388977,0.0,0.4893028140068054,0.0
691,0.7,0.7,,,4.019510984420776,0.3639519214630127,0.0,0.5170896053314209,0.0
692,0.7,0.7,,,3.634932041168213,0.6365246176719666,1.0,0.6370052695274353,0.6368130445480347
693,0.7,0.7,,,3.850433826446533,0.6353124976158142,1.0,0.6118975877761841,0.6212635636329651
694,0.7,0.7,,,3.910346508026123,0.6268140077590942,1.0,0.45279332995414734,0.5224015712738037
695,0.7,0.7,,,2.2945499420166016,0.6326862573623657,1.0,0.4078946113586426,0.4978112578392029
696,0.7,0.7,,,1.8889727592468262,0.6340711116790771,0.0,0.4085468351840973,0.0
697,0.7,0.7,,,4.099823236465454,0.6337707042694092,1.0,0.40277016162872314,0.4951704144477844
698,0.7,0.7,,,4.1591174602508545,0.42105016112327576,1.0,0.47154557704925537,0.4513474106788635
699,0.7,0.7,,,3.553159475326538,0.6355187892913818,1.0,0.623033344745636,0.6280275583267212
700,0.7,0.7,,,3.7834739685058594,0.6302553415298462,1.0,0.5730522274971008,0.5959334969520569
701,0.7,0.7,,,0.21886420249938965,0.6121204495429993,0.0,0.4114786386489868,0.0
702,0.7,0.7,,,2.419630765914917,0.6291249990463257,1.0,0.429025262594223,0.5090651512145996
703,0.7,0.7,,,4.044572591781616,0.632813572883606,1.0,0.4411093592643738,0.5177910327911377
704,0.7,0.7,,,2.9277267456054688,0.3773793578147888,0.0,0.4435963034629822,0.0
705,0.7,0.7,,,4.16457986831665,0.36078840494155884,1.0,0.4586465358734131,0.4195033013820648
706,0.7,0.7,,,4.0754313468933105,0.3606018126010895,0.0,0.5008630156517029,0.0
707,0.7,0.7,,,3.5408318042755127,0.36060333251953125,0.0,0.4509905278682709,0.0
708,0.7,0.7,,,1.8171977996826172,0.6341419816017151,1.0,0.6369726657867432,0.6358404159545898
709,0.7,0.7,,,3.1321213245391846,0.6335873603820801,1.0,0.5794953107833862,0.6011321544647217
710,0.7,0.7,,,0.25965285301208496,0.6315985918045044,0.0,0.5360211133956909,0.0
711,0.7,0.7,,,3.937664747238159,0.6345022916793823,1.0,0.5434021949768066,0.5798422694206238
712,0.7,0.7,,,4.138293266296387,0.6355290412902832,1.0,0.61237633228302,0.6216374635696411
713,0.7,0.7,,,2.4897212982177734,0.5431623458862305,1.0,0.4988819658756256,0.5165941119194031
714,0.7,0.7,,,4.337008953094482,0.54314786195755,1.0,0.541553258895874,0.5421911478042603
715,0.7,0.7,,,3.640775442123413,0.5431334376335144,1.0,0.5423422455787659,0.5426587462425232
716,0.7,0.7,,,1.4152753353118896,0.5431190133094788,0.0,0.5175530910491943,0.0
717,0.7,0.7,,,4.45027494430542,0.5123018622398376,0.0,0.3607214093208313,0.0
718,0.7,0.7,,,3.7807862758636475,0.6300264596939087,1.0,0.36319810152053833,0.46992945671081543
719,0.7,0.7,,,0.21427321434020996,0.6085041761398315,0.0,0.374025821685791,0.0
720,0.7,0.7,,,3.925873041152954,0.6346592903137207,1.0,0.37761029601097107,0.48042988777160645
721,0.7,0.7,,,3.975450038909912,0.6361207365989685,1.0,0.4224131405353546,0.5078961849212646
722,0.7,0.7,,,3.5299603939056396,0.6352100372314453,1.0,0.4574362635612488,0.5285457968711853
723,0.7,0.7,,,4.146045923233032,0.5332863926887512,1.0,0.4908403158187866,0.5078187584877014
724,0.7,0.7,,,3.398406744003296,0.588407039642334,0.0,0.5159448981285095,0.0
725,0.7,0.7,,,0.6971611976623535,0.6308488845825195,0.0,0.4051125645637512,0.0
726,0.7,0.7,,,3.867551803588867,0.6329061388969421,1.0,0.4296744465827942,0.5109671354293823
727,0.7,0.7,,,3.981839656829834,0.635955274105072,1.0,0.5334826111793518,0.5744717121124268
728,0.7,0.7,,,3.9299497604370117,0.634294867515564,1.0,0.530492901802063,0.5720137357711792
729,0.7,0.7,,,3.980034589767456,0.6346344947814941,1.0,0.48501476645469666,0.5448626279830933
730,0.7,0.7,,,4.103641033172607,0.6339795589447021,1.0,0.46932724118232727,0.5351881980895996
731,0.7,0.7,,,4.228642225265503,0.36499083042144775,1.0,0.4417077302932739,0.41102099418640137
732,0.7,0.7,,,4.052386283874512,0.6352583169937134,1.0,0.5419225692749023,0.5792568922042847
733,0.7,0.7,,,3.7175729274749756,0.6289950609207153,1.0,0.48454004526138306,0.542322039604187
734,0.7,0.7,,,1.8833465576171875,0.6350271701812744,1.0,0.5823548436164856,0.6034238338470459
735,0.7,0.7,,,3.021597146987915,0.6340904235839844,1.0,0.5879449844360352,0.6064031720161438
736,0.7,0.7,,,0.3565545082092285,0.6055381894111633,0.0,0.5321031808853149,0.0
737,0.7,0.7,,,4.07569146156311,0.633628249168396,1.0,0.6163570284843445,0.6232655048370361
738,0.7,0.7,,,4.205367803573608,0.3606744408607483,1.0,0.5410676002502441,0.4689103364944458
739,0.7,0.7,,,4.14891791343689,0.36281144618988037,0.0,0.5905177593231201,0.0
740,0.7,0.7,,,2.869624614715576,0.6364973187446594,1.0,0.630516529083252,0.6329088807106018
741,0.7,0.7,,,3.816178321838379,0.6267496347427368,1.0,0.6074411273002625,0.6151645183563232
742,0.7,0.7,,,0.32215285301208496,0.6096541285514832,0.0,0.3763643801212311,0.0
743,0.7,0.7,,,4.112792253494263,0.6283406019210815,1.0,0.4045581519603729,0.4940711259841919
744,0.7,0.7,,,4.423879623413086,0.5016306638717651,1.0,0.5663043260574341,0.5404348373413086
745,0.7,0.7,,,4.013692378997803,0.6315125226974487,1.0,0.606412947177887,0.6164528131484985
746,0.7,0.7,,,2.7424263954162598,0.6319443583488464,1.0,0.625247597694397,0.6279263496398926
747,0.7,0.7,,,3.4901158809661865,0.6314916014671326,1.0,0.43719398975372314,0.5149130821228027
748,0.7,0.7,,,3.283296823501587,0.6309769153594971,1.0,0.5759291052818298,0.5979482531547546
749,0.7,0.7,,,0.35289430618286133,0.6098388433456421,0.0,0.41558653116226196,0.0
750,0.7,0.7,,,4.07905387878418,0.6293337345123291,1.0,0.4622965455055237,0.5291114449501038
751,0.7,0.7,,,2.858907699584961,0.3605687618255615,0.0,0.44867342710494995,0.0
752,0.7,0.7,,,0.6485750675201416,0.36192771792411804,0.0,0.5186665654182434,0.0
753,0.7,0.7,,,3.949862241744995,0.6336422562599182,1.0,0.6370043754577637,0.6356595754623413
754,0.7,0.7,,,2.6585853099823,0.6274909973144531,1.0,0.5543028116226196,0.5835781097412109
755,0.7,0.7,,,3.766883611679077,0.6229648590087891,1.0,0.6019715666770935,0.6103689074516296
756,0.7,0.7,,,3.892697811126709,0.6254334449768066,1.0,0.48881995677948,0.5434653759002686
757,0.7,0.7,,,3.904895544052124,0.6286820769309998,0.0,0.5251789093017578,0.0
758,0.7,0.7,,,4.068143367767334,0.6314895749092102,0.0,0.4677588939666748,0.0
759,0.7,0.7,,,3.2621376514434814,0.6332547068595886,1.0,0.5823266506195068,0.6026978492736816
760,0.7,0.7,,,4.004436731338501,0.5239830017089844,1.0,0.47955211997032166,0.49732449650764465
761,0.7,0.7,,,0.6983363628387451,0.5239744186401367,0.0,0.5364255905151367,0.0
762,0.7,0.7,,,3.9525704383850098,0.6319566369056702,1.0,0.630402684211731,0.6310243010520935
763,0.7,0.7,,,2.925820827484131,0.6277071237564087,1.0,0.40781617164611816,0.4957726001739502
764,0.7,0.7,,,0.175065279006958,0.5934473872184753,0.0,0.39103519916534424,0.0
765,0.7,0.7,,,3.0527985095977783,0.6258808970451355,1.0,0.419798880815506,0.5022317171096802
766,0.7,0.7,,,0.2223057746887207,0.5896167159080505,0.0,0.38125914335250854,0.0
767,0.7,0.7,,,2.974820852279663,0.6266647577285767,1.0,0.483792245388031,0.5409412384033203
768,0.7,0.7,,,0.4324917793273926,0.6127419471740723,0.0,0.4743673801422119,0.0
769,0.7,0.7,,,4.231916427612305,0.39937877655029297,1.0,0.544743001461029,0.48659735918045044
770,0.7,0.7,,,0.6792492866516113,0.39940181374549866,0.0,0.5262397527694702,0.0
771,0.7,0.7,,,3.9858031272888184,0.6340460181236267,1.0,0.6174907684326172,0.6241129040718079
772,0.7,0.7,,,3.1324522495269775,0.6303534507751465,1.0,0.3780258893966675,0.478956937789917
773,0.7,0.7,,,3.7842342853546143,0.6260879039764404,1.0,0.5762229561805725,0.5961689949035645
774,0.7,0.7,,,3.943180799484253,0.6320043802261353,1.0,0.540294349193573,0.576978325843811
775,0.7,0.7,,,3.9826102256774902,0.6346526741981506,1.0,0.5013485550880432,0.5546702146530151
776,0.7,0.7,,,2.524909734725952,0.6339230537414551,0.0,0.456839919090271,0.0
777,0.7,0.7,,,4.140994310379028,0.6315602660179138,1.0,0.5303561687469482,0.5708378553390503
778,0.7,0.7,,,3.092597007751465,0.6338784098625183,1.0,0.5130422711372375,0.5613767504692078
779,0.7,0.7,,,4.1571879386901855,0.36125248670578003,1.0,0.4316813051700592,0.40350979566574097
780,0.7,0.7,,,3.8306872844696045,0.5973291397094727,1.0,0.3627285659313202,0.45656880736351013
781,0.7,0.7,,,0.30612635612487793,0.6185781955718994,0.0,0.6342477202415466,0.0
782,0.7,0.7,,,4.078234434127808,0.6237006783485413,1.0,0.5376048684120178,0.5720431804656982
783,0.7,0.7,,,4.096536159515381,0.37040239572525024,1.0,0.6155428886413574,0.5174866914749146
784,0.7,0.7,,,4.241028308868408,0.6082689166069031,1.0,0.621912956237793,0.6164553761482239
785,0.7,0.7,,,4.276509046554565,0.6082469820976257,1.0,0.5993021726608276,0.6028801202774048
786,0.7,0.7,,,4.312453746795654,0.6082249879837036,1.0,0.5607421398162842,0.579735279083252
787,0.7,0.7,,,4.14239764213562,0.6082030534744263,1.0,0.5717473030090332,0.5863296389579773
788,0.7,0.7,,,4.042939901351929,0.6360809206962585,1.0,0.5056861042976379,0.5578440427780151
789,0.7,0.7,,,3.594785690307617,0.6329635977745056,1.0,0.4218529164791107,0.50629723072052
790,0.7,0.7,,,0.2240445613861084,0.6044149994850159,0.0,0.6050482392311096,0.0
791,0.7,0.7,,,2.5180141925811768,0.6196433305740356,1.0,0.565174400806427,0.5869619846343994
792,0.7,0.7,,,0.5413250923156738,0.6200184226036072,0.0,0.6273845434188843,0.0
793,0.7,0.7,,,1.8100135326385498,0.3645997941493988,0.0,0.6239091157913208,0.0
794,0.7,0.7,,,0.5677981376647949,0.3646087050437927,0.0,0.6103036999702454,0.0
795,0.7,0.7,,,4.237122297286987,0.36461758613586426,1.0,0.5929663777351379,0.5016268491744995
796,0.7,0.7,,,4.3859405517578125,0.3646264970302582,1.0,0.6115679144859314,0.5127913951873779
797,0.7,0.7,,,4.030832290649414,0.6317578554153442,0.0,0.5515990853309631,0.0
798,0.7,0.7,,,3.4916558265686035,0.6332429647445679,1.0,0.570871114730835,0.5958198308944702
799,0.7,0.7,,,3.115069627761841,0.6277741193771362,1.0,0.5468279123306274,0.5792064070701599
800,0.7,0.7,,,2.395184278488159,0.6211675405502319,1.0,0.4503580927848816,0.5186818838119507
801,0.7,0.7,,,0.3136293888092041,0.6176835894584656,0.0,0.5552465915679932,0.0
802,0.7,0.7,,,3.786984443664551,0.6324241757392883,1.0,0.5340956449508667,0.5734270811080933
803,0.7,0.7,,,3.548748731613159,0.6297919750213623,1.0,0.48296302556991577,0.5416946411132812
804,0.7,0.7,,,4.1357011795043945,0.628172755241394,1.0,0.510869562625885,0.5577908754348755
805,0.7,0.7,,,2.0128722190856934,0.6307051777839661,0.0,0.6149761080741882,0.0
806,0.7,0.7,,,3.1517674922943115,0.6354625225067139,1.0,0.6369752883911133,0.6363701820373535
807,0.7,0.7,,,2.9413936138153076,0.6335091590881348,1.0,0.5941978693008423,0.6099224090576172
808,0.7,0.7,,,3.805828332901001,0.6282622814178467,1.0,0.6229577660560608,0.6250796318054199
809,0.7,0.7,,,3.9863409996032715,0.6243596076965332,1.0,0.5754167437553406,0.5949939489364624
810,0.7,0.7,,,0.25827574729919434,0.6061170101165771,0.0,0.46139776706695557,0.0
811,0.7,0.7,,,2.30908203125,0.6238105297088623,0.0,0.49487653374671936,0.0
812,0.7,0.7,,,0.3689100742340088,0.6140066385269165,0.0,0.5654820799827576,0.0
813,0.7,0.7,,,4.033823728561401,0.6284301280975342,0.0,0.5242109894752502,0.0
814,0.7,0.7,,,4.07099175453186,0.6286368370056152,0.0,0.5541156530380249,0.0
815,0.7,0.7,,,3.7278192043304443,0.6364629864692688,1.0,0.6369744539260864,0.6367698907852173
816,0.7,0.7,,,2.938931941986084,0.6362284421920776,1.0,0.5257115364074707,0.5699183344841003
817,0.7,0.7,,,2.2760279178619385,0.6349299550056458,0.0,0.5977305769920349,0.0
818,0.7,0.7,,,2.8405215740203857,0.636128306388855,1.0,0.5402572751045227,0.5786057114601135
819,0.7,0.7,,,2.5557405948638916,0.6292531490325928,0.0,0.5393174886703491,0.0
820,0.7,0.7,,,1.573512315750122,0.6221644282341003,0.0,0.42546650767326355,0.0
821,0.7,0.7,,,0.5493412017822266,0.5149674415588379,0.0,0.5627310276031494,0.0
822,0.7,0.7,,,3.9678709506988525,0.6354769468307495,1.0,0.5688798427581787,0.5955187082290649
823,0.7,0.7,,,3.0007009506225586,0.6342381238937378,1.0,0.500790536403656,0.5541695952415466
824,0.7,0.7,,,0.2081279754638672,0.6144618391990662,0.0,0.5487203598022461,0.0
825,0.7,0.7,,,3.0518672466278076,0.6304844617843628,1.0,0.49720752239227295,0.550518274307251
826,0.7,0.7,,,2.1719703674316406,0.6340252161026001,1.0,0.6033070087432861,0.6155943274497986
827,0.7,0.7,,,3.328814744949341,0.6333507299423218,1.0,0.612392246723175,0.6207756996154785
828,0.7,0.7,,,0.5477848052978516,0.6281342506408691,0.0,0.5972269177436829,0.0
829,0.7,0.7,,,4.329336643218994,0.3624505400657654,1.0,0.5201928615570068,0.4570959508419037
830,0.7,0.7,,,0.7131733894348145,0.3624565005302429,0.0,0.6079570651054382,0.0
831,0.7,0.7,,,3.6568479537963867,0.6366531848907471,1.0,0.6369702816009521,0.6368434429168701
832,0.7,0.7,,,3.7636570930480957,0.6299936175346375,1.0,0.45586374402046204,0.5255156755447388
833,0.7,0.7,,,0.20949721336364746,0.6162045001983643,0.0,0.5054192543029785,0.0
834,0.7,0.7,,,3.923757553100586,0.6281841397285461,1.0,0.38766342401504517,0.483871728181839
835,0.7,0.7,,,0.41300106048583984,0.6179268956184387,0.0,0.5541197657585144,0.0
836,0.7,0.7,,,3.7923202514648438,0.6303483247756958,1.0,0.5448229908943176,0.5790331363677979
837,0.7,0.7,,,0.535987377166748,0.6171593070030212,0.0,0.5761465430259705,0.0
838,0.7,0.7,,,3.1351470947265625,0.3604777753353119,1.0,0.5204843282699585,0.4564817249774933
839,0.7,0.7,,,0.5995759963989258,0.3612307906150818,0.0,0.6056095957756042,0.0
840,0.7,0.7,,,4.398772716522217,0.37036818265914917,1.0,0.3609315752983093,0.36470621824264526
841,0.7,0.7,,,0.17330527305603027,0.5585303902626038,0.0,0.36070340871810913,0.0
842,0.7,0.7,,,2.962322473526001,0.6306647062301636,1.0,0.3700047731399536,0.4742687940597534
843,0.7,0.7,,,0.31482744216918945,0.6030339598655701,0.0,0.36208397150039673,0.0
844,0.7,0.7,,,4.04676079750061,0.6268012523651123,0.0,0.3993132412433624,0.0
845,0.7,0.7,,,4.097098350524902,0.4094144105911255,0.0,0.42170920968055725,0.0
846,0.7,0.7,,,4.124590635299683,0.37955498695373535,0.0,0.37386512756347656,0.0
847,0.7,0.7,,,4.120252370834351,0.3604850172996521,0.0,0.36988192796707153,0.0
848,0.7,0.7,,,4.0445122718811035,0.6354843974113464,1.0,0.636127233505249,0.635870099067688
849,0.7,0.7,,,3.759077310562134,0.6320183873176575,1.0,0.5871702432632446,0.6051095128059387
850,0.7,0.7,,,0.17116761207580566,0.6095321178436279,0.0,0.48228687047958374,0.0
851,0.7,0.7,,,2.5477163791656494,0.6315217018127441,1.0,0.5261966586112976,0.5683267116546631
852,0.7,0.7,,,0.3329775333404541,0.6175978779792786,0.0,0.5054324269294739,0.0
853,0.7,0.7,,,4.1113221645355225,0.36881452798843384,0.0,0.5703437924385071,0.0
854,0.7,0.7,,,4.167083263397217,0.37366941571235657,0.0,0.5313531756401062,0.0
855,0.7,0.7,,,4.15033745765686,0.36048126220703125,1.0,0.4918208420276642,0.4392850399017334
856,0.7,0.7,,,3.0293290615081787,0.6359835863113403,1.0,0.6369684934616089,0.6365745067596436
857,0.7,0.7,,,3.325103521347046,0.6322777271270752,1.0,0.3954230546951294,0.49016493558883667
858,0.7,0.7,,,3.150203227996826,0.6357656121253967,1.0,0.5992655158042908,0.6138656139373779
859,0.7,0.7,,,4.19501805305481,0.6311162114143372,1.0,0.4440654516220093,0.5188857913017273
860,0.7,0.7,,,0.453155517578125,0.6151337027549744,0.0,0.5420771241188049,0.0
861,0.7,0.7,,,4.120306491851807,0.4802735447883606,1.0,0.4616529047489166,0.4691011905670166
862,0.7,0.7,,,4.335965156555176,0.49557211995124817,1.0,0.3973556160926819,0.43664222955703735
863,0.7,0.7,,,3.896209478378296,0.6332364678382874,1.0,0.6172662973403931,0.6236543655395508
864,0.7,0.7,,,0.2664787769317627,0.629707396030426,0.0,0.5371883511543274,0.0
865,0.7,0.7,,,4.01274037361145,0.6337395310401917,1.0,0.5510277152061462,0.5841124653816223
866,0.7,0.7,,,3.166233539581299,0.6334390044212341,0.0,0.5529847741127014,0.0
867,0.7,0.7,,,0.4759197235107422,0.6297955513000488,0.0,0.5452156066894531,0.0
868,0.7,0.7,,,4.183745384216309,0.3962496817111969,1.0,0.5534167885780334,0.4905499815940857
869,0.7,0.7,,,4.1854143142700195,0.3607284426689148,0.0,0.5411901473999023,0.0
870,0.7,0.7,,,3.9795315265655518,0.6292184591293335,1.0,0.6369694471359253,0.6338690519332886
871,0.7,0.7,,,3.7587740421295166,0.6330404281616211,1.0,0.3779905438423157,0.4800105094909668
872,0.7,0.7,,,0.2198498249053955,0.6108884215354919,0.0,0.4432033896446228,0.0
873,0.7,0.7,,,3.4240522384643555,0.6320079565048218,1.0,0.5476486086845398,0.5813923478126526
874,0.7,0.7,,,4.045359134674072,0.6306372284889221,0.0,0.5746310353279114,0.0
875,0.7,0.7,,,4.146602630615234,0.36063939332962036,1.0,0.547680675983429,0.47286418080329895
876,0.7,0.7,,,0.7000882625579834,0.37481778860092163,0.0,0.5564407110214233,0.0
877,0.7,0.7,,,3.9142990112304688,0.6326993107795715,1.0,0.6116594672203064,0.6200754642486572
878,0.7,0.7,,,1.84218430519104,0.6099251508712769,1.0,0.42984694242477417,0.5018782615661621
879,0.7,0.7,,,0.21394705772399902,0.5936548113822937,0.0,0.48761770129203796,0.0
880,0.7,0.7,,,2.3358545303344727,0.6307962536811829,1.0,0.6275036334991455,0.6288206577301025
881,0.7,0.7,,,0.35160350799560547,0.6027308702468872,0.0,0.5559391379356384,0.0
882,0.7,0.7,,,4.060980319976807,0.6275027990341187,1.0,0.5051038265228271,0.5540634393692017
883,0.7,0.7,,,0.4719357490539551,0.6219945549964905,0.0,0.5106802582740784,0.0
884,0.7,0.7,,,4.173946142196655,0.36253297328948975,1.0,0.49511662125587463,0.4420831799507141
885,0.7,0.7,,,4.174562931060791,0.3738533854484558,1.0,0.5390157103538513,0.47295081615448
886,0.7,0.7,,,3.9394965171813965,0.6305840015411377,1.0,0.6365886330604553,0.6341868042945862
887,0.7,0.7,,,3.5863194465637207,0.6322608590126038,1.0,0.5284454226493835,0.5699716210365295
888,0.7,0.7,,,0.21425485610961914,0.6012930274009705,0.0,0.3874179720878601,0.0
889,0.7,0.7,,,1.830115795135498,0.6236450672149658,0.0,0.5356118679046631,0.0
890,0.7,0.7,,,4.072771310806274,0.6310454607009888,0.0,0.6141241788864136,0.0
891,0.7,0.7,,,0.5969305038452148,0.6277578473091125,0.0,0.5649505853652954,0.0
892,0.7,0.7,,,3.865246534347534,0.3631124198436737,0.0,0.5765578746795654,0.0
893,0.7,0.7,,,0.7890615463256836,0.3631194233894348,0.0,0.5666471123695374,0.0
894,0.7,0.7,,,4.392928123474121,0.445161908864975,1.0,0.4686569571495056,0.45925894379615784
895,0.7,0.7,,,3.7861227989196777,0.6339157223701477,1.0,0.6224804520606995,0.6270545721054077
896,0.7,0.7,,,3.7308032512664795,0.6359150409698486,1.0,0.593306303024292,0.6103497743606567
897,0.7,0.7,,,1.9710233211517334,0.6209398508071899,1.0,0.4162841737270355,0.4981464445590973
898,0.7,0.7,,,0.3092653751373291,0.612861156463623,0.0,0.4603915214538574,0.0
899,0.7,0.7,,,4.030119180679321,0.6324464082717896,1.0,0.5892949104309082,0.6065555214881897
900,0.7,0.7,,,0.4105949401855469,0.6207577586174011,0.0,0.5619453191757202,0.0
901,0.7,0.7,,,3.1168556213378906,0.6321699619293213,1.0,0.5340097546577454,0.5732738971710205
902,0.7,0.7,,,3.7452218532562256,0.6297438740730286,1.0,0.6245614290237427,0.626634418964386
903,0.7,0.7,,,1.7880351543426514,0.628054141998291,1.0,0.599161684513092,0.6107186675071716
904,0.7,0.7,,,0.17759227752685547,0.5973530411720276,0.0,0.4216589033603668,0.0
905,0.7,0.7,,,0.3133065700531006,0.6067070960998535,0.0,0.44212642312049866,0.0
906,0.7,0.7,,,3.441423177719116,0.6303513050079346,1.0,0.5329141616821289,0.5718890428543091
907,0.7,0.7,,,0.47485899925231934,0.6114028096199036,0.0,0.6140592098236084,0.0
908,0.7,0.7,,,2.9587531089782715,0.36238163709640503,1.0,0.5271490812301636,0.46124210953712463
909,0.7,0.7,,,0.614452600479126,0.6227755546569824,0.0,0.4344773292541504,0.0
910,0.7,0.7,,,0.25823116302490234,0.6120996475219727,0.0,0.5113370418548584,0.0
911,0.7,0.7,,,1.9672825336456299,0.625526487827301,1.0,0.5430976748466492,0.5760692358016968
912,0.7,0.7,,,0.45934462547302246,0.6081735491752625,0.0,0.5343501567840576,0.0
913,0.7,0.7,,,3.8477582931518555,0.42386752367019653,1.0,0.5200076103210449,0.4815515875816345
914,0.7,0.7,,,4.278520345687866,0.4238889217376709,0.0,0.5327093005180359,0.0
915,0.7,0.7,,,3.7426507472991943,0.6351023316383362,1.0,0.536355197429657,0.5758540630340576
916,0.7,0.7,,,1.4143171310424805,0.6293957829475403,1.0,0.4132794737815857,0.49972599744796753
917,0.7,0.7,,,3.933866262435913,0.6282557249069214,1.0,0.45073097944259644,0.5217409133911133
918,0.7,0.7,,,4.044846057891846,0.6301032304763794,1.0,0.37677791714668274,0.4781080484390259
919,0.7,0.7,,,0.4645063877105713,0.6303020715713501,0.0,0.47550493478775024,0.0
920,0.7,0.7,,,0.5266022682189941,0.6266873478889465,0.0,0.42692863941192627,0.0
921,0.7,0.7,,,4.476328134536743,0.36057716608047485,1.0,0.44711342453956604,0.41249895095825195
922,0.7,0.7,,,3.8596115112304688,0.6267838478088379,1.0,0.4021492302417755,0.49200308322906494
923,0.7,0.7,,,0.8601157665252686,0.6284338235855103,0.0,0.582207202911377,0.0
924,0.7,0.7,,,3.3345980644226074,0.6358407139778137,1.0,0.4807751774787903,0.5428013801574707
925,0.7,0.7,,,0.5777063369750977,0.37850746512413025,0.0,0.5230541825294495,0.0
926,0.7,0.7,,,4.328461647033691,0.36062878370285034,1.0,0.5460412502288818,0.47187626361846924
927,0.7,0.7,,,0.7154700756072998,0.3606311082839966,0.0,0.5384756922721863,0.0
928,0.7,0.7,,,4.135584831237793,0.48685550689697266,1.0,0.4202611446380615,0.4468989074230194
929,0.7,0.7,,,2.3265738487243652,0.6352169513702393,1.0,0.5396993160247803,0.5779063701629639
930,0.7,0.7,,,3.039005756378174,0.6292814016342163,1.0,0.3759796619415283,0.47730034589767456
931,0.7,0.7,,,1.5975401401519775,0.6177542209625244,1.0,0.46213868260383606,0.5243849158287048
932,0.7,0.7,,,3.0819318294525146,0.6258630752563477,1.0,0.5298757553100586,0.5682706832885742
933,0.7,0.7,,,0.47904062271118164,0.6121708154678345,0.0,0.5691467523574829,0.0
934,0.7,0.7,,,4.226883888244629,0.36053454875946045,1.0,0.4884432554244995,0.4372797906398773
935,0.7,0.7,,,4.141528606414795,0.36729806661605835,1.0,0.5514007210731506,0.4777596592903137
936,0.7,0.7,,,4.048306941986084,0.5774415135383606,0.0,0.3792971074581146,0.0
937,0.7,0.7,,,0.25195908546447754,0.6211935877799988,0.0,0.5482346415519714,0.0
938,0.7,0.7,,,2.124058246612549,0.6312171220779419,0.0,0.49838975071907043,0.0
939,0.7,0.7,,,4.080502510070801,0.6355702877044678,1.0,0.5588775873184204,0.5895546674728394
940,0.7,0.7,,,3.0076217651367188,0.36042463779449463,1.0,0.4292369782924652,0.4017120599746704
941,0.7,0.7,,,4.196458101272583,0.36042964458465576,1.0,0.4767591655254364,0.4302273690700531
942,0.7,0.7,,,3.6805098056793213,0.3604208827018738,1.0,0.4733087718486786,0.4281536340713501
943,0.7,0.7,,,4.299127101898193,0.36042243242263794,1.0,0.5120784044265747,0.451416015625
944,0.7,0.7,,,3.4714207649230957,0.41933149099349976,1.0,0.3630445599555969,0.3855593204498291
945,0.7,0.7,,,3.875797748565674,0.6341248750686646,1.0,0.45179054141044617,0.5247242450714111
946,0.7,0.7,,,0.255812406539917,0.6252932548522949,0.0,0.5171384811401367,0.0
947,0.7,0.7,,,4.098538160324097,0.6353859305381775,1.0,0.5622926950454712,0.5915300250053406
948,0.7,0.7,,,4.18854832649231,0.6346524953842163,1.0,0.5567891001701355,0.5879344940185547
949,0.7,0.7,,,4.154740333557129,0.36183351278305054,1.0,0.4921332895755768,0.44001340866088867
950,0.7,0.7,,,4.038953542709351,0.36042019724845886,0.0,0.5643752217292786,0.0
951,0.7,0.7,,,4.460530996322632,0.3604215383529663,1.0,0.4959360361099243,0.441730260848999
952,0.7,0.7,,,3.951159954071045,0.6347176432609558,1.0,0.4615758955478668,0.5308326482772827
953,0.7,0.7,,,3.7750558853149414,0.6315306425094604,1.0,0.42277997732162476,0.5062803030014038
954,0.7,0.7,,,0.1780562400817871,0.612876832485199,0.0,0.5066669583320618,0.0
955,0.7,0.7,,,3.2256879806518555,0.6283266544342041,1.0,0.5007417798042297,0.5517757534980774
956,0.7,0.7,,,3.8501434326171875,0.6313532590866089,1.0,0.5252752900123596,0.5677064657211304
957,0.7,0.7,,,2.674642562866211,0.6265274882316589,1.0,0.49957573413848877,0.5503564476966858
958,0.7,0.7,,,0.4356565475463867,0.6156972646713257,0.0,0.5634160041809082,0.0
959,0.7,0.7,,,3.340449094772339,0.6325032711029053,1.0,0.5880420207977295,0.6058264970779419
960,0.7,0.7,,,0.538719892501831,0.6222448348999023,0.0,0.6024762392044067,0.0
961,0.7,0.7,,,3.9616434574127197,0.6325696110725403,1.0,0.5193191170692444,0.5646193027496338
962,0.7,0.7,,,3.944749593734741,0.6344238519668579,1.0,0.4232826828956604,0.5077391862869263
963,0.7,0.7,,,0.4224841594696045,0.6243538856506348,0.0,0.41037917137145996,0.0
964,0.7,0.7,,,4.076744794845581,0.6345556974411011,1.0,0.46274855732917786,0.5314714312553406
965,0.7,0.7,,,0.5342020988464355,0.6269998550415039,0.0,0.47607898712158203,0.0
966,0.7,0.7,,,4.300306558609009,0.45937347412109375,1.0,0.4146629273891449,0.4325471520423889
967,0.7,0.7,,,0.7058713436126709,0.4593863785266876,0.0,0.4983183741569519,0.0
968,0.7,0.7,,,0.7936921119689941,0.6242032051086426,0.0,0.394858717918396,0.0
969,0.7,0.7,,,3.6968061923980713,0.6341266632080078,1.0,0.5861939787864685,0.6053670644760132
970,0.7,0.7,,,3.2404654026031494,0.6347798109054565,1.0,0.5878764390945435,0.6066378355026245
971,0.7,0.7,,,0.32706451416015625,0.6127849221229553,0.0,0.4962727129459381,0.0
972,0.7,0.7,,,1.8166234493255615,0.625969409942627,1.0,0.49835121631622314,0.5493985414505005
973,0.7,0.7,,,4.051806211471558,0.6272481083869934,1.0,0.5284066796302795,0.567943274974823
974,0.7,0.7,,,2.811570644378662,0.6326642036437988,1.0,0.6189832091331482,0.6244555711746216
975,0.7,0.7,,,4.208913564682007,0.41342926025390625,0.0,0.5689623355865479,0.0
976,0.7,0.7,,,0.25995922088623047,0.6126898527145386,0.0,0.44695642590522766,0.0
977,0.7,0.7,,,2.3849937915802,0.626796543598175,1.0,0.5028784275054932,0.552445650100708
978,0.7,0.7,,,0.346221923828125,0.6121231317520142,0.0,0.4511561989784241,0.0
979,0.7,0.7,,,4.151262283325195,0.48078155517578125,0.0,0.5404959321022034,0.0
980,0.7,0.7,,,4.383606672286987,0.3608749508857727,0.0,0.5240944623947144,0.0
981,0.7,0.7,,,0.699479341506958,0.36087799072265625,0.0,0.5531479120254517,0.0
982,0.7,0.7,,,4.050892353057861,0.6351967453956604,1.0,0.3765106201171875,0.4799851179122925
983,0.7,0.7,,,3.7960314750671387,0.6310287714004517,1.0,0.3626915514469147,0.470026433467865
984,0.7,0.7,,,3.7605223655700684,0.6316049695014954,1.0,0.46202054619789124,0.5298543572425842
985,0.7,0.7,,,0.3685128688812256,0.6255136132240295,0.0,0.5732839703559875,0.0
986,0.7,0.7,,,3.4786481857299805,0.6316349506378174,0.0,0.5552585124969482,0.0
987,0.7,0.7,,,0.4746723175048828,0.625195324420929,0.0,0.5806506276130676,0.0
988,0.7,0.7,,,4.186706066131592,0.3611500859260559,1.0,0.49094080924987793,0.43902450799942017
989,0.7,0.7,,,4.148441553115845,0.36041584610939026,1.0,0.5801149606704712,0.49223530292510986
990,0.7,0.7,,,4.177567720413208,0.44032198190689087,1.0,0.49576297402381897,0.4735865592956543
991,0.7,0.7,,,3.8047823905944824,0.6320459842681885,1.0,0.5984862446784973,0.6119101643562317
992,0.7,0.7,,,4.051104784011841,0.6333025693893433,1.0,0.42669427394866943,0.5093376040458679
993,0.7,0.7,,,3.8612799644470215,0.628974199295044,1.0,0.4127601385116577,0.4992457628250122
994,0.7,0.7,,,0.3686208724975586,0.6230214834213257,0.0,0.5082554817199707,0.0
995,0.7,0.7,,,4.066401720046997,0.6304996013641357,1.0,0.5983365774154663,0.611201822757721
996,0.7,0.7,,,0.5483734607696533,0.6265246272087097,0.0,0.5903851985931396,0.0
997,0.7,0.7,,,2.3330047130584717,0.5919049978256226,1.0,0.6021898984909058,0.5980759263038635
998,0.7,0.7,,,4.088528156280518,0.5918818116188049,1.0,0.6156384944915771,0.6061358451843262
999,0.7,0.7,,,3.8859777450561523,0.4494955241680145,1.0,0.42050883173942566,0.4321035146713257